date,title,url,source,location,latitude,longitude,cluster
2025-11-19 20:00:00,,https://www.dotnews.com/2025/housing-study-sees-affordability-gapas-a-reality-for-starter-home-hopefuls/,dotnews.com,"Massachusetts, United States",42.2373,-71.5314,3
2025-11-19 19:30:00,,https://www.housingwire.com/articles/where-manufactured-homes-are-filling-the-housing-affordability-gap/,housingwire.com,"West Virginia, United States",38.468,-80.9696,3
2025-11-19 17:15:00,Housing Numbers Buyers Market Affordability,https://www.cnbc.com/2025/11/19/housing-numbers-buyers-market-affordability.html,cnbc.com,Americans,39.828175,-98.5795,0
2025-11-19 16:00:00,2227670,https://www.manilatimes.net/2025/11/19/tmt-newswire/globenewswire/real-estate-firms-cite-housing-affordability-and-rising-costs-as-biggest-challenges/2227670,manilatimes.net,"Washington, Washington, United States",38.8951,-77.0364,4
2025-11-19 09:45:00,"Faith Leaders Call For Housing Affordability And A Repeal Of Citys Business Tax Cuts,38687","http://www.chestnuthilllocal.com/stories/faith-leaders-call-for-housing-affordability-and-a-repeal-of-citys-business-tax-cuts,38687",chestnuthilllocal.com,"Germantown, Pennsylvania, United States",39.7693,-77.148,6
2025-11-19 08:15:00,264737,https://www.penbaypilot.com:443/article/maine-s-housing-affordability-crisis-not-zoning-problem-it-s-economic-one/264737,penbaypilot.com,"South Portland, Maine, United States",43.6415,-70.2409,4
2025-11-19 07:15:00,Fact Check Team Will Trumps 50 Year Mortgage Idea Solve Or Worsen Housing Affordability Delay Americ,https://krcgtv.com/news/nation-world/fact-check-team-will-trumps-50-year-mortgage-idea-solve-or-worsen-housing-affordability-delay-americans-underwater-financial-borrowed-homeowner,krcgtv.com,Americans,39.828175,-98.5795,2
2025-11-19 05:30:00,Fact Check Team Will Trumps 50 Year Mortgage Idea Solve Or Worsen Housing Affordability Delay Americ,https://weartv.com/news/nation-world/fact-check-team-will-trumps-50-year-mortgage-idea-solve-or-worsen-housing-affordability-delay-americans-underwater-financial-borrowed-homeowner,weartv.com,"Washington, Washington, United States",38.8951,-77.0364,2
2025-11-19 05:15:00,Fact Check Team Will Trumps 50 Year Mortgage Idea Solve Or Worsen Housing Affordability Delay Americ,https://abc7amarillo.com/news/nation-world/fact-check-team-will-trumps-50-year-mortgage-idea-solve-or-worsen-housing-affordability-delay-americans-underwater-financial-borrowed-homeowner,abc7amarillo.com,"New York, United States",42.1497,-74.9384,2
2025-11-19 05:15:00,Fact Check Team Will Trumps 50 Year Mortgage Idea Solve Or Worsen Housing Affordability Delay Americ,https://foxreno.com/news/nation-world/fact-check-team-will-trumps-50-year-mortgage-idea-solve-or-worsen-housing-affordability-delay-americans-underwater-financial-borrowed-homeowner,foxreno.com,"New York, United States",42.1497,-74.9384,2
2025-11-19 05:15:00,Fact Check Team Will Trumps 50 Year Mortgage Idea Solve Or Worsen Housing Affordability Delay Americ,https://newschannel9.com/news/nation-world/fact-check-team-will-trumps-50-year-mortgage-idea-solve-or-worsen-housing-affordability-delay-americans-underwater-financial-borrowed-homeowner,newschannel9.com,"California, United States",36.17,-119.746,2
2025-11-19 05:15:00,Fact Check Team Will Trumps 50 Year Mortgage Idea Solve Or Worsen Housing Affordability Delay Americ,https://nbcmontana.com/news/nation-world/fact-check-team-will-trumps-50-year-mortgage-idea-solve-or-worsen-housing-affordability-delay-americans-underwater-financial-borrowed-homeowner,nbcmontana.com,"Washington, Washington, United States",38.8951,-77.0364,2
2025-11-19 05:15:00,Fact Check Team Will Trumps 50 Year Mortgage Idea Solve Or Worsen Housing Affordability Delay Americ,https://fox17.com/news/nation-world/fact-check-team-will-trumps-50-year-mortgage-idea-solve-or-worsen-housing-affordability-delay-americans-underwater-financial-borrowed-homeowner,fox17.com,"Washington, Washington, United States",38.8951,-77.0364,2
2025-11-19 05:00:00,Fact Check Team Will Trumps 50 Year Mortgage Idea Solve Or Worsen Housing Affordability Delay Americ,https://fox23maine.com/news/nation-world/fact-check-team-will-trumps-50-year-mortgage-idea-solve-or-worsen-housing-affordability-delay-americans-underwater-financial-borrowed-homeowner,fox23maine.com,"Washington, Washington, United States",38.8951,-77.0364,2
2025-11-19 05:00:00,Fact Check Team Will Trumps 50 Year Mortgage Idea Solve Or Worsen Housing Affordability Delay Americ,https://krcrtv.com/news/nation-world/fact-check-team-will-trumps-50-year-mortgage-idea-solve-or-worsen-housing-affordability-delay-americans-underwater-financial-borrowed-homeowner,krcrtv.com,"Washington, Washington, United States",38.8951,-77.0364,2
2025-11-19 05:00:00,Fact Check Team Will Trumps 50 Year Mortgage Idea Solve Or Worsen Housing Affordability Delay Americ,https://cbs12.com/news/nation-world/fact-check-team-will-trumps-50-year-mortgage-idea-solve-or-worsen-housing-affordability-delay-americans-underwater-financial-borrowed-homeowner,cbs12.com,"Washington, Washington, United States",38.8951,-77.0364,2
2025-11-19 05:00:00,Fact Check Team Will Trumps 50 Year Mortgage Idea Solve Or Worsen Housing Affordability Delay Americ,https://wjla.com/news/nation-world/fact-check-team-will-trumps-50-year-mortgage-idea-solve-or-worsen-housing-affordability-delay-americans-underwater-financial-borrowed-homeowner,wjla.com,Americans,39.828175,-98.5795,2
2025-11-19 05:00:00,Fact Check Team Will Trumps 50 Year Mortgage Idea Solve Or Worsen Housing Affordability Delay Americ,https://ktvo.com/news/nation-world/fact-check-team-will-trumps-50-year-mortgage-idea-solve-or-worsen-housing-affordability-delay-americans-underwater-financial-borrowed-homeowner,ktvo.com,"New York, United States",42.1497,-74.9384,2
2025-11-19 04:45:00,Fact Check Team Will Trumps 50 Year Mortgage Idea Solve Or Worsen Housing Affordability Delay Americ,https://klewtv.com/news/nation-world/fact-check-team-will-trumps-50-year-mortgage-idea-solve-or-worsen-housing-affordability-delay-americans-underwater-financial-borrowed-homeowner,klewtv.com,"New York, United States",42.1497,-74.9384,2
2025-11-19 04:45:00,Fact Check Team Will Trumps 50 Year Mortgage Idea Solve Or Worsen Housing Affordability Delay Americ,https://wcyb.com/news/nation-world/fact-check-team-will-trumps-50-year-mortgage-idea-solve-or-worsen-housing-affordability-delay-americans-underwater-financial-borrowed-homeowner,wcyb.com,"New York, United States",42.1497,-74.9384,2
2025-11-19 04:30:00,Fact Check Team Will Trumps 50 Year Mortgage Idea Solve Or Worsen Housing Affordability Delay Americ,https://myfox28columbus.com/news/nation-world/fact-check-team-will-trumps-50-year-mortgage-idea-solve-or-worsen-housing-affordability-delay-americans-underwater-financial-borrowed-homeowner,myfox28columbus.com,"Washington, Washington, United States",38.8951,-77.0364,2
2025-11-19 04:30:00,Fact Check Team Will Trumps 50 Year Mortgage Idea Solve Or Worsen Housing Affordability Delay Americ,https://wcti12.com/news/nation-world/fact-check-team-will-trumps-50-year-mortgage-idea-solve-or-worsen-housing-affordability-delay-americans-underwater-financial-borrowed-homeowner,wcti12.com,"Washington, Washington, United States",38.8951,-77.0364,2
2025-11-19 04:30:00,Fact Check Team Will Trumps 50 Year Mortgage Idea Solve Or Worsen Housing Affordability Delay Americ,https://kfoxtv.com/news/nation-world/fact-check-team-will-trumps-50-year-mortgage-idea-solve-or-worsen-housing-affordability-delay-americans-underwater-financial-borrowed-homeowner,kfoxtv.com,"New York, United States",42.1497,-74.9384,2
2025-11-19 04:30:00,Fact Check Team Will Trumps 50 Year Mortgage Idea Solve Or Worsen Housing Affordability Delay Americ,https://newschannel20.com/news/nation-world/fact-check-team-will-trumps-50-year-mortgage-idea-solve-or-worsen-housing-affordability-delay-americans-underwater-financial-borrowed-homeowner,newschannel20.com,"California, United States",36.17,-119.746,2
2025-11-19 04:15:00,Fact Check Team Will Trumps 50 Year Mortgage Idea Solve Or Worsen Housing Affordability Delay Americ,https://kfdm.com/news/nation-world/fact-check-team-will-trumps-50-year-mortgage-idea-solve-or-worsen-housing-affordability-delay-americans-underwater-financial-borrowed-homeowner,kfdm.com,"Washington, Washington, United States",38.8951,-77.0364,2
2025-11-19 04:15:00,Fact Check Team Will Trumps 50 Year Mortgage Idea Solve Or Worsen Housing Affordability Delay Americ,https://news4sanantonio.com/news/nation-world/fact-check-team-will-trumps-50-year-mortgage-idea-solve-or-worsen-housing-affordability-delay-americans-underwater-financial-borrowed-homeowner,news4sanantonio.com,Americans,39.828175,-98.5795,2
2025-11-19 04:15:00,Fact Check Team Will Trumps 50 Year Mortgage Idea Solve Or Worsen Housing Affordability Delay Americ,https://cbs6albany.com/news/nation-world/fact-check-team-will-trumps-50-year-mortgage-idea-solve-or-worsen-housing-affordability-delay-americans-underwater-financial-borrowed-homeowner,cbs6albany.com,"New York, United States",42.1497,-74.9384,2
2025-11-19 04:15:00,Fact Check Team Will Trumps 50 Year Mortgage Idea Solve Or Worsen Housing Affordability Delay Americ,https://fox4beaumont.com/news/nation-world/fact-check-team-will-trumps-50-year-mortgage-idea-solve-or-worsen-housing-affordability-delay-americans-underwater-financial-borrowed-homeowner,fox4beaumont.com,Americans,39.828175,-98.5795,2
2025-11-19 04:00:00,Fact Check Team Will Trumps 50 Year Mortgage Idea Solve Or Worsen Housing Affordability Delay Americ,https://komonews.com/news/nation-world/fact-check-team-will-trumps-50-year-mortgage-idea-solve-or-worsen-housing-affordability-delay-americans-underwater-financial-borrowed-homeowner,komonews.com,Americans,39.828175,-98.5795,2
2025-11-19 04:00:00,Fact Check Team Will Trumps 50 Year Mortgage Idea Solve Or Worsen Housing Affordability Delay Americ,https://wchstv.com/news/nation-world/fact-check-team-will-trumps-50-year-mortgage-idea-solve-or-worsen-housing-affordability-delay-americans-underwater-financial-borrowed-homeowner,wchstv.com,"Washington, Washington, United States",38.8951,-77.0364,2
2025-11-19 04:00:00,Fact Check Team Will Trumps 50 Year Mortgage Idea Solve Or Worsen Housing Affordability Delay Americ,https://cnycentral.com/news/nation-world/fact-check-team-will-trumps-50-year-mortgage-idea-solve-or-worsen-housing-affordability-delay-americans-underwater-financial-borrowed-homeowner,cnycentral.com,"California, United States",36.17,-119.746,2
2025-11-19 04:00:00,Fact Check Team Will Trumps 50 Year Mortgage Idea Solve Or Worsen Housing Affordability Delay Americ,https://midmichigannow.com/news/nation-world/fact-check-team-will-trumps-50-year-mortgage-idea-solve-or-worsen-housing-affordability-delay-americans-underwater-financial-borrowed-homeowner,midmichigannow.com,"Washington, Washington, United States",38.8951,-77.0364,2
2025-11-19 03:45:00,Fact Check Team Will Trumps 50 Year Mortgage Idea Solve Or Worsen Housing Affordability Delay Americ,https://wlos.com/news/nation-world/fact-check-team-will-trumps-50-year-mortgage-idea-solve-or-worsen-housing-affordability-delay-americans-underwater-financial-borrowed-homeowner,wlos.com,"California, United States",36.17,-119.746,2
2025-11-19 03:45:00,Fact Check Team Will Trumps 50 Year Mortgage Idea Solve Or Worsen Housing Affordability Delay Americ,https://bakersfieldnow.com/news/nation-world/fact-check-team-will-trumps-50-year-mortgage-idea-solve-or-worsen-housing-affordability-delay-americans-underwater-financial-borrowed-homeowner,bakersfieldnow.com,"Washington, Washington, United States",38.8951,-77.0364,2
2025-11-19 03:45:00,Fact Check Team Will Trumps 50 Year Mortgage Idea Solve Or Worsen Housing Affordability Delay Americ,https://fox56.com/news/nation-world/fact-check-team-will-trumps-50-year-mortgage-idea-solve-or-worsen-housing-affordability-delay-americans-underwater-financial-borrowed-homeowner,fox56.com,"California, United States",36.17,-119.746,2
2025-11-19 03:45:00,Fact Check Team Will Trumps 50 Year Mortgage Idea Solve Or Worsen Housing Affordability Delay Americ,https://katv.com/news/nation-world/fact-check-team-will-trumps-50-year-mortgage-idea-solve-or-worsen-housing-affordability-delay-americans-underwater-financial-borrowed-homeowner,katv.com,"New York, United States",42.1497,-74.9384,2
2025-11-19 03:45:00,Fact Check Team Will Trumps 50 Year Mortgage Idea Solve Or Worsen Housing Affordability Delay Americ,https://news3lv.com/news/nation-world/fact-check-team-will-trumps-50-year-mortgage-idea-solve-or-worsen-housing-affordability-delay-americans-underwater-financial-borrowed-homeowner,news3lv.com,"New York, United States",42.1497,-74.9384,2
2025-11-19 03:30:00,Fact Check Team Will Trumps 50 Year Mortgage Idea Solve Or Worsen Housing Affordability Delay Americ,https://mynews4.com/news/nation-world/fact-check-team-will-trumps-50-year-mortgage-idea-solve-or-worsen-housing-affordability-delay-americans-underwater-financial-borrowed-homeowner,mynews4.com,"Washington, Washington, United States",38.8951,-77.0364,2
2025-11-19 03:30:00,Fact Check Team Will Trumps 50 Year Mortgage Idea Solve Or Worsen Housing Affordability Delay Americ,https://foxsanantonio.com/news/nation-world/fact-check-team-will-trumps-50-year-mortgage-idea-solve-or-worsen-housing-affordability-delay-americans-underwater-financial-borrowed-homeowner,foxsanantonio.com,"Washington, Washington, United States",38.8951,-77.0364,2
2025-11-19 03:30:00,Fact Check Team Will Trumps 50 Year Mortgage Idea Solve Or Worsen Housing Affordability Delay Americ,https://local21news.com/news/nation-world/fact-check-team-will-trumps-50-year-mortgage-idea-solve-or-worsen-housing-affordability-delay-americans-underwater-financial-borrowed-homeowner,local21news.com,"Washington, Washington, United States",38.8951,-77.0364,2
2025-11-19 03:30:00,Fact Check Team Will Trumps 50 Year Mortgage Idea Solve Or Worsen Housing Affordability Delay Americ,https://wach.com/news/nation-world/fact-check-team-will-trumps-50-year-mortgage-idea-solve-or-worsen-housing-affordability-delay-americans-underwater-financial-borrowed-homeowner,wach.com,"California, United States",36.17,-119.746,2
2025-11-19 03:30:00,Fact Check Team Will Trumps 50 Year Mortgage Idea Solve Or Worsen Housing Affordability Delay Americ,https://13wham.com/news/nation-world/fact-check-team-will-trumps-50-year-mortgage-idea-solve-or-worsen-housing-affordability-delay-americans-underwater-financial-borrowed-homeowner,13wham.com,"Washington, Washington, United States",38.8951,-77.0364,2
2025-11-19 03:30:00,Fact Check Team Will Trumps 50 Year Mortgage Idea Solve Or Worsen Housing Affordability Delay Americ,https://ktxs.com/news/nation-world/fact-check-team-will-trumps-50-year-mortgage-idea-solve-or-worsen-housing-affordability-delay-americans-underwater-financial-borrowed-homeowner,ktxs.com,Americans,39.828175,-98.5795,2
2025-11-19 03:00:00,Fact Check Team Will Trumps 50 Year Mortgage Idea Solve Or Worsen Housing Affordability Delay Americ,https://cbs2iowa.com/news/nation-world/fact-check-team-will-trumps-50-year-mortgage-idea-solve-or-worsen-housing-affordability-delay-americans-underwater-financial-borrowed-homeowner,cbs2iowa.com,"Washington, Washington, United States",38.8951,-77.0364,2
2025-11-19 03:00:00,Fact Check Team Will Trumps 50 Year Mortgage Idea Solve Or Worsen Housing Affordability Delay Americ,https://nbc16.com/news/nation-world/fact-check-team-will-trumps-50-year-mortgage-idea-solve-or-worsen-housing-affordability-delay-americans-underwater-financial-borrowed-homeowner,nbc16.com,"Washington, Washington, United States",38.8951,-77.0364,2
2025-11-19 03:00:00,Fact Check Team Will Trumps 50 Year Mortgage Idea Solve Or Worsen Housing Affordability Delay Americ,https://wjactv.com/news/nation-world/fact-check-team-will-trumps-50-year-mortgage-idea-solve-or-worsen-housing-affordability-delay-americans-underwater-financial-borrowed-homeowner,wjactv.com,Americans,39.828175,-98.5795,2
2025-11-19 03:00:00,Fact Check Team Will Trumps 50 Year Mortgage Idea Solve Or Worsen Housing Affordability Delay Americ,https://abc6onyourside.com/news/nation-world/fact-check-team-will-trumps-50-year-mortgage-idea-solve-or-worsen-housing-affordability-delay-americans-underwater-financial-borrowed-homeowner,abc6onyourside.com,"Washington, Washington, United States",38.8951,-77.0364,2
2025-11-19 03:00:00,Fact Check Team Will Trumps 50 Year Mortgage Idea Solve Or Worsen Housing Affordability Delay Americ,https://turnto10.com/news/nation-world/fact-check-team-will-trumps-50-year-mortgage-idea-solve-or-worsen-housing-affordability-delay-americans-underwater-financial-borrowed-homeowner,turnto10.com,"Washington, Washington, United States",38.8951,-77.0364,2
2025-11-19 02:45:00,Fact Check Team Will Trumps 50 Year Mortgage Idea Solve Or Worsen Housing Affordability Delay Americ,https://kval.com/news/nation-world/fact-check-team-will-trumps-50-year-mortgage-idea-solve-or-worsen-housing-affordability-delay-americans-underwater-financial-borrowed-homeowner,kval.com,"New York, United States",42.1497,-74.9384,2
2025-11-19 02:45:00,Fact Check Team Will Trumps 50 Year Mortgage Idea Solve Or Worsen Housing Affordability Delay Americ,https://keprtv.com/news/nation-world/fact-check-team-will-trumps-50-year-mortgage-idea-solve-or-worsen-housing-affordability-delay-americans-underwater-financial-borrowed-homeowner,keprtv.com,"Washington, Washington, United States",38.8951,-77.0364,2
2025-11-19 02:45:00,Fact Check Team Will Trumps 50 Year Mortgage Idea Solve Or Worsen Housing Affordability Delay Americ,https://okcfox.com/news/nation-world/fact-check-team-will-trumps-50-year-mortgage-idea-solve-or-worsen-housing-affordability-delay-americans-underwater-financial-borrowed-homeowner,okcfox.com,Americans,39.828175,-98.5795,2
2025-11-19 02:45:00,Fact Check Team Will Trumps 50 Year Mortgage Idea Solve Or Worsen Housing Affordability Delay Americ,https://foxrochester.com/news/nation-world/fact-check-team-will-trumps-50-year-mortgage-idea-solve-or-worsen-housing-affordability-delay-americans-underwater-financial-borrowed-homeowner,foxrochester.com,"New York, United States",42.1497,-74.9384,2
2025-11-19 02:45:00,Fact Check Team Will Trumps 50 Year Mortgage Idea Solve Or Worsen Housing Affordability Delay Americ,https://kpic.com/news/nation-world/fact-check-team-will-trumps-50-year-mortgage-idea-solve-or-worsen-housing-affordability-delay-americans-underwater-financial-borrowed-homeowner,kpic.com,Americans,39.828175,-98.5795,2
2025-11-19 02:45:00,Fact Check Team Will Trumps 50 Year Mortgage Idea Solve Or Worsen Housing Affordability Delay Americ,https://nebraska.tv/news/nation-world/fact-check-team-will-trumps-50-year-mortgage-idea-solve-or-worsen-housing-affordability-delay-americans-underwater-financial-borrowed-homeowner,nebraska.tv,"Washington, Washington, United States",38.8951,-77.0364,2
2025-11-19 02:15:00,Fact Check Team Will Trumps 50 Year Mortgage Idea Solve Or Worsen Housing Affordability Delay Americ,https://foxbaltimore.com/news/nation-world/fact-check-team-will-trumps-50-year-mortgage-idea-solve-or-worsen-housing-affordability-delay-americans-underwater-financial-borrowed-homeowner,foxbaltimore.com,"New York, United States",42.1497,-74.9384,2
2025-11-19 02:15:00,Fact Check Team Will Trumps 50 Year Mortgage Idea Solve Or Worsen Housing Affordability Delay Americ,https://wgxa.tv/news/nation-world/fact-check-team-will-trumps-50-year-mortgage-idea-solve-or-worsen-housing-affordability-delay-americans-underwater-financial-borrowed-homeowner,wgxa.tv,"California, United States",36.17,-119.746,2
2025-11-19 02:15:00,Fact Check Team Will Trumps 50 Year Mortgage Idea Solve Or Worsen Housing Affordability Delay Americ,https://wset.com/news/nation-world/fact-check-team-will-trumps-50-year-mortgage-idea-solve-or-worsen-housing-affordability-delay-americans-underwater-financial-borrowed-homeowner,wset.com,"Washington, Washington, United States",38.8951,-77.0364,2
2025-11-19 02:00:00,Fact Check Team Will Trumps 50 Year Mortgage Idea Solve Or Worsen Housing Affordability Delay Americ,https://upnorthlive.com/news/nation-world/fact-check-team-will-trumps-50-year-mortgage-idea-solve-or-worsen-housing-affordability-delay-americans-underwater-financial-borrowed-homeowner,upnorthlive.com,"Washington, Washington, United States",38.8951,-77.0364,2
2025-11-19 02:00:00,Fact Check Team Will Trumps 50 Year Mortgage Idea Solve Or Worsen Housing Affordability Delay Americ,https://cbs4local.com/news/nation-world/fact-check-team-will-trumps-50-year-mortgage-idea-solve-or-worsen-housing-affordability-delay-americans-underwater-financial-borrowed-homeowner,cbs4local.com,"California, United States",36.17,-119.746,2
2025-11-19 02:00:00,Fact Check Team Will Trumps 50 Year Mortgage Idea Solve Or Worsen Housing Affordability Delay Americ,https://wpde.com/news/nation-world/fact-check-team-will-trumps-50-year-mortgage-idea-solve-or-worsen-housing-affordability-delay-americans-underwater-financial-borrowed-homeowner,wpde.com,"Washington, Washington, United States",38.8951,-77.0364,2
2025-11-19 02:00:00,Fact Check Team Will Trumps 50 Year Mortgage Idea Solve Or Worsen Housing Affordability Delay Americ,https://fox11online.com/news/nation-world/fact-check-team-will-trumps-50-year-mortgage-idea-solve-or-worsen-housing-affordability-delay-americans-underwater-financial-borrowed-homeowner,fox11online.com,"Washington, Washington, United States",38.8951,-77.0364,2
2025-11-19 01:45:00,Fact Check Team Will Trumps 50 Year Mortgage Idea Solve Or Worsen Housing Affordability Delay Americ,https://foxillinois.com/news/nation-world/fact-check-team-will-trumps-50-year-mortgage-idea-solve-or-worsen-housing-affordability-delay-americans-underwater-financial-borrowed-homeowner,foxillinois.com,Americans,39.828175,-98.5795,2
2025-11-19 01:45:00,Fact Check Team Will Trumps 50 Year Mortgage Idea Solve Or Worsen Housing Affordability Delay Americ,https://wtov9.com/news/nation-world/fact-check-team-will-trumps-50-year-mortgage-idea-solve-or-worsen-housing-affordability-delay-americans-underwater-financial-borrowed-homeowner,wtov9.com,Americans,39.828175,-98.5795,2
2025-11-19 01:45:00,Fact Check Team Will Trumps 50 Year Mortgage Idea Solve Or Worsen Housing Affordability Delay Americ,https://kmph.com/news/nation-world/fact-check-team-will-trumps-50-year-mortgage-idea-solve-or-worsen-housing-affordability-delay-americans-underwater-financial-borrowed-homeowner,kmph.com,"New York, United States",42.1497,-74.9384,2
2025-11-19 01:45:00,Fact Check Team Will Trumps 50 Year Mortgage Idea Solve Or Worsen Housing Affordability Delay Americ,https://wsbt.com/news/nation-world/fact-check-team-will-trumps-50-year-mortgage-idea-solve-or-worsen-housing-affordability-delay-americans-underwater-financial-borrowed-homeowner,wsbt.com,Americans,39.828175,-98.5795,2
2025-11-19 01:45:00,Fact Check Team Will Trumps 50 Year Mortgage Idea Solve Or Worsen Housing Affordability Delay Americ,https://wwmt.com/news/nation-world/fact-check-team-will-trumps-50-year-mortgage-idea-solve-or-worsen-housing-affordability-delay-americans-underwater-financial-borrowed-homeowner,wwmt.com,"Washington, Washington, United States",38.8951,-77.0364,2
2025-11-19 01:45:00,Fact Check Team Will Trumps 50 Year Mortgage Idea Solve Or Worsen Housing Affordability Delay Americ,https://kcby.com/news/nation-world/fact-check-team-will-trumps-50-year-mortgage-idea-solve-or-worsen-housing-affordability-delay-americans-underwater-financial-borrowed-homeowner,kcby.com,Americans,39.828175,-98.5795,2
2025-11-19 01:30:00,Fact Check Team Will Trumps 50 Year Mortgage Idea Solve Or Worsen Housing Affordability Delay Americ,https://abc3340.com/news/nation-world/fact-check-team-will-trumps-50-year-mortgage-idea-solve-or-worsen-housing-affordability-delay-americans-underwater-financial-borrowed-homeowner,abc3340.com,"California, United States",36.17,-119.746,2
2025-11-19 01:30:00,Fact Check Team Will Trumps 50 Year Mortgage Idea Solve Or Worsen Housing Affordability Delay Americ,https://abcnews4.com/news/nation-world/fact-check-team-will-trumps-50-year-mortgage-idea-solve-or-worsen-housing-affordability-delay-americans-underwater-financial-borrowed-homeowner,abcnews4.com,"California, United States",36.17,-119.746,2
2025-11-19 01:30:00,Fact Check Team Will Trumps 50 Year Mortgage Idea Solve Or Worsen Housing Affordability Delay Americ,https://wgme.com/news/nation-world/fact-check-team-will-trumps-50-year-mortgage-idea-solve-or-worsen-housing-affordability-delay-americans-underwater-financial-borrowed-homeowner,wgme.com,"California, United States",36.17,-119.746,2
2025-11-19 01:15:00,Fact Check Team Will Trumps 50 Year Mortgage Idea Solve Or Worsen Housing Affordability Delay Americ,https://ktul.com/news/nation-world/fact-check-team-will-trumps-50-year-mortgage-idea-solve-or-worsen-housing-affordability-delay-americans-underwater-financial-borrowed-homeowner,ktul.com,"Washington, Washington, United States",38.8951,-77.0364,2
2025-11-19 01:15:00,Fact Check Team Will Trumps 50 Year Mortgage Idea Solve Or Worsen Housing Affordability Delay Americ,https://kimatv.com/news/nation-world/fact-check-team-will-trumps-50-year-mortgage-idea-solve-or-worsen-housing-affordability-delay-americans-underwater-financial-borrowed-homeowner,kimatv.com,"California, United States",36.17,-119.746,2
2025-11-19 01:15:00,Fact Check Team Will Trumps 50 Year Mortgage Idea Solve Or Worsen Housing Affordability Delay Americ,https://katu.com/news/nation-world/fact-check-team-will-trumps-50-year-mortgage-idea-solve-or-worsen-housing-affordability-delay-americans-underwater-financial-borrowed-homeowner,katu.com,"California, United States",36.17,-119.746,2
2025-11-19 01:00:00,Fact Check Team Will Trumps 50 Year Mortgage Idea Solve Or Worsen Housing Affordability Delay Americ,https://khqa.com/news/nation-world/fact-check-team-will-trumps-50-year-mortgage-idea-solve-or-worsen-housing-affordability-delay-americans-underwater-financial-borrowed-homeowner,khqa.com,"Washington, Washington, United States",38.8951,-77.0364,2
2025-11-18 21:15:00,How Housing Affordability Is Polarizing Voters,https://www.probuilder.com/business-management/government-policy/news/55331067/how-housing-affordability-is-polarizing-voters,probuilder.com,"New York, United States",42.1497,-74.9384,0
2025-11-18 17:30:00,Charlotte To Host Inaugural Housing Innovation Challenge To Tackle The National Affordability Crisis,http://www.caribbeanherald.com/news/278701894/charlotte-to-host-inaugural-housing-innovation-challenge-to-tackle-the-national-affordability-crisis,caribbeanherald.com,America,39.828175,-98.5795,0
2025-11-18 17:00:00,Charlotte To Host Inaugural Housing Innovation Challenge To Tackle The National Affordability Crisis,http://www.trinidadtimes.com/news/278701894/charlotte-to-host-inaugural-housing-innovation-challenge-to-tackle-the-national-affordability-crisis,trinidadtimes.com,America,39.828175,-98.5795,0
2025-11-18 16:15:00,Charlotte To Host Inaugural Housing Innovation Challenge To Tackle The National Affordability Crisis,http://www.haitisun.com/news/278701894/charlotte-to-host-inaugural-housing-innovation-challenge-to-tackle-the-national-affordability-crisis,haitisun.com,"Virginia, United States",37.768,-78.2057,0
2025-11-18 16:15:00,Charlotte To Host Inaugural Housing Innovation Challenge To Tackle The National Affordability Crisis,http://www.jamaicantimes.com/news/278701894/charlotte-to-host-inaugural-housing-innovation-challenge-to-tackle-the-national-affordability-crisis,jamaicantimes.com,America,39.828175,-98.5795,0
2025-11-17 16:30:00,Dc Council Brooke Pinto Prosper Dc Legislation Economy Jobs Youth Programs Business Growth Housing A,https://wjla.com/news/local/dc-council-brooke-pinto-prosper-dc-legislation-economy-jobs-youth-programs-business-growth-housing-affordability-public-safety-apprenticeships-tax-policy-development-community-services,wjla.com,"Washington, Washington, United States",38.8951,-77.0364,1
2025-11-16 13:00:00,Realpage Doj Rent Housing Affordability Ai Austin 21141324.Php,https://www.statesman.com/business/real-estate/article/realpage-doj-rent-housing-affordability-ai-austin-21141324.php,statesman.com,United States,39.828175,-98.5795,0
2025-11-15 13:15:00,,https://fortune.com/2025/11/15/why-housing-affordability-is-so-bad-amherst-ceo-sean-dobson/,fortune.com,"Washington, Washington, United States",38.8951,-77.0364,3
2025-11-15 06:45:00,,https://www.bangordailynews.com/2025/11/15/business/business-housing/maine-home-affordability-trump-50-year-mortgage-joam40zk0w/,bangordailynews.com,American,39.828175,-98.5795,3
2025-11-15 00:00:00,Trump Administration Tries To Break Through Lock In Effect With Portable Mortgages Housing Market Af,https://foxrochester.com/news/nation-world/trump-administration-tries-to-break-through-lock-in-effect-with-portable-mortgages-housing-market-affordability-tariffs,foxrochester.com,"Washington, Washington, United States",38.8951,-77.0364,2
2025-11-15 00:00:00,,https://www.local10.com/news/politics/2025/11/14/trump-administration-proposes-50-year-mortgages-to-tackle-housing-affordability-crisis/,local10.com,"Miami, Florida, United States",25.7743,-80.1937,3
2025-11-14 22:45:00,Trump Administration Tries To Break Through Lock In Effect With Portable Mortgages Housing Market Af,https://foxillinois.com/news/nation-world/trump-administration-tries-to-break-through-lock-in-effect-with-portable-mortgages-housing-market-affordability-tariffs,foxillinois.com,Americans,39.828175,-98.5795,2
2025-11-14 22:30:00,Trump Administration Tries To Break Through Lock In Effect With Portable Mortgages Housing Market Af,https://fox23maine.com/news/nation-world/trump-administration-tries-to-break-through-lock-in-effect-with-portable-mortgages-housing-market-affordability-tariffs,fox23maine.com,Americans,39.828175,-98.5795,2
2025-11-14 22:30:00,Trump Administration Tries To Break Through Lock In Effect With Portable Mortgages Housing Market Af,https://wgxa.tv/news/nation-world/trump-administration-tries-to-break-through-lock-in-effect-with-portable-mortgages-housing-market-affordability-tariffs,wgxa.tv,United States,39.828175,-98.5795,2
2025-11-14 22:30:00,Trump Administration Tries To Break Through Lock In Effect With Portable Mortgages Housing Market Af,https://wsbt.com/news/nation-world/trump-administration-tries-to-break-through-lock-in-effect-with-portable-mortgages-housing-market-affordability-tariffs,wsbt.com,United States,39.828175,-98.5795,2
2025-11-14 22:15:00,Trump Administration Tries To Break Through Lock In Effect With Portable Mortgages Housing Market Af,https://cbs12.com/news/nation-world/trump-administration-tries-to-break-through-lock-in-effect-with-portable-mortgages-housing-market-affordability-tariffs,cbs12.com,"Washington, Washington, United States",38.8951,-77.0364,2
2025-11-14 22:15:00,Trump Administration Tries To Break Through Lock In Effect With Portable Mortgages Housing Market Af,https://wjla.com/news/nation-world/trump-administration-tries-to-break-through-lock-in-effect-with-portable-mortgages-housing-market-affordability-tariffs,wjla.com,United States,39.828175,-98.5795,2
2025-11-14 22:00:00,Trump Administration Tries To Break Through Lock In Effect With Portable Mortgages Housing Market Af,https://wwmt.com/news/nation-world/trump-administration-tries-to-break-through-lock-in-effect-with-portable-mortgages-housing-market-affordability-tariffs,wwmt.com,United States,39.828175,-98.5795,2
2025-11-14 22:00:00,Trump Administration Tries To Break Through Lock In Effect With Portable Mortgages Housing Market Af,https://wset.com/news/nation-world/trump-administration-tries-to-break-through-lock-in-effect-with-portable-mortgages-housing-market-affordability-tariffs,wset.com,United States,39.828175,-98.5795,2
2025-11-14 22:00:00,Trump Administration Tries To Break Through Lock In Effect With Portable Mortgages Housing Market Af,https://nebraska.tv/news/nation-world/trump-administration-tries-to-break-through-lock-in-effect-with-portable-mortgages-housing-market-affordability-tariffs,nebraska.tv,Americans,39.828175,-98.5795,2
2025-11-14 22:00:00,Trump Administration Tries To Break Through Lock In Effect With Portable Mortgages Housing Market Af,https://abc7amarillo.com/news/nation-world/trump-administration-tries-to-break-through-lock-in-effect-with-portable-mortgages-housing-market-affordability-tariffs,abc7amarillo.com,United States,39.828175,-98.5795,2
2025-11-14 21:45:00,Trump Administration Tries To Break Through Lock In Effect With Portable Mortgages Housing Market Af,https://wtov9.com/news/nation-world/trump-administration-tries-to-break-through-lock-in-effect-with-portable-mortgages-housing-market-affordability-tariffs,wtov9.com,"Washington, Washington, United States",38.8951,-77.0364,2
2025-11-14 21:45:00,Trump Administration Tries To Break Through Lock In Effect With Portable Mortgages Housing Market Af,https://khqa.com/news/nation-world/trump-administration-tries-to-break-through-lock-in-effect-with-portable-mortgages-housing-market-affordability-tariffs,khqa.com,Americans,39.828175,-98.5795,2
2025-11-14 21:45:00,Trump Administration Tries To Break Through Lock In Effect With Portable Mortgages Housing Market Af,https://upnorthlive.com/news/nation-world/trump-administration-tries-to-break-through-lock-in-effect-with-portable-mortgages-housing-market-affordability-tariffs,upnorthlive.com,Americans,39.828175,-98.5795,2
2025-11-14 21:30:00,Trump Administration Tries To Break Through Lock In Effect With Portable Mortgages Housing Market Af,https://news3lv.com/news/nation-world/trump-administration-tries-to-break-through-lock-in-effect-with-portable-mortgages-housing-market-affordability-tariffs,news3lv.com,Americans,39.828175,-98.5795,2
2025-11-14 21:30:00,Trump Administration Tries To Break Through Lock In Effect With Portable Mortgages Housing Market Af,https://wlos.com/news/nation-world/trump-administration-tries-to-break-through-lock-in-effect-with-portable-mortgages-housing-market-affordability-tariffs,wlos.com,"Washington, Washington, United States",38.8951,-77.0364,2
2025-11-14 21:30:00,Trump Administration Tries To Break Through Lock In Effect With Portable Mortgages Housing Market Af,https://foxreno.com/news/nation-world/trump-administration-tries-to-break-through-lock-in-effect-with-portable-mortgages-housing-market-affordability-tariffs,foxreno.com,"Washington, Washington, United States",38.8951,-77.0364,2
2025-11-14 21:30:00,Trump Administration Tries To Break Through Lock In Effect With Portable Mortgages Housing Market Af,https://fox17.com/news/nation-world/trump-administration-tries-to-break-through-lock-in-effect-with-portable-mortgages-housing-market-affordability-tariffs,fox17.com,"Washington, Washington, United States",38.8951,-77.0364,2
2025-11-14 21:15:00,Trump Administration Tries To Break Through Lock In Effect With Portable Mortgages Housing Market Af,https://wcti12.com/news/nation-world/trump-administration-tries-to-break-through-lock-in-effect-with-portable-mortgages-housing-market-affordability-tariffs,wcti12.com,"Washington, Washington, United States",38.8951,-77.0364,2
2025-11-14 21:15:00,Trump Administration Tries To Break Through Lock In Effect With Portable Mortgages Housing Market Af,https://katu.com/news/nation-world/trump-administration-tries-to-break-through-lock-in-effect-with-portable-mortgages-housing-market-affordability-tariffs,katu.com,Americans,39.828175,-98.5795,2
2025-11-14 21:15:00,Trump Administration Tries To Break Through Lock In Effect With Portable Mortgages Housing Market Af,https://fox11online.com/news/nation-world/trump-administration-tries-to-break-through-lock-in-effect-with-portable-mortgages-housing-market-affordability-tariffs,fox11online.com,Americans,39.828175,-98.5795,2
2025-11-14 21:15:00,Trump Administration Tries To Break Through Lock In Effect With Portable Mortgages Housing Market Af,https://kval.com/news/nation-world/trump-administration-tries-to-break-through-lock-in-effect-with-portable-mortgages-housing-market-affordability-tariffs,kval.com,United States,39.828175,-98.5795,2
2025-11-14 21:00:00,Trump Administration Tries To Break Through Lock In Effect With Portable Mortgages Housing Market Af,https://foxbaltimore.com/news/nation-world/trump-administration-tries-to-break-through-lock-in-effect-with-portable-mortgages-housing-market-affordability-tariffs,foxbaltimore.com,Americans,39.828175,-98.5795,2
2025-11-14 21:00:00,Trump Administration Tries To Break Through Lock In Effect With Portable Mortgages Housing Market Af,https://wjactv.com/news/nation-world/trump-administration-tries-to-break-through-lock-in-effect-with-portable-mortgages-housing-market-affordability-tariffs,wjactv.com,United States,39.828175,-98.5795,2
2025-11-14 21:00:00,Trump Administration Tries To Break Through Lock In Effect With Portable Mortgages Housing Market Af,https://newschannel20.com/news/nation-world/trump-administration-tries-to-break-through-lock-in-effect-with-portable-mortgages-housing-market-affordability-tariffs,newschannel20.com,Americans,39.828175,-98.5795,2
2025-11-14 20:45:00,Trump Administration Tries To Break Through Lock In Effect With Portable Mortgages Housing Market Af,https://news4sanantonio.com/news/nation-world/trump-administration-tries-to-break-through-lock-in-effect-with-portable-mortgages-housing-market-affordability-tariffs,news4sanantonio.com,"Washington, Washington, United States",38.8951,-77.0364,2
2025-11-14 20:45:00,Trump Administration Tries To Break Through Lock In Effect With Portable Mortgages Housing Market Af,https://abc3340.com/news/nation-world/trump-administration-tries-to-break-through-lock-in-effect-with-portable-mortgages-housing-market-affordability-tariffs,abc3340.com,"Washington, Washington, United States",38.8951,-77.0364,2
2025-11-14 20:45:00,Trump Administration Tries To Break Through Lock In Effect With Portable Mortgages Housing Market Af,https://foxsanantonio.com/news/nation-world/trump-administration-tries-to-break-through-lock-in-effect-with-portable-mortgages-housing-market-affordability-tariffs,foxsanantonio.com,"Washington, Washington, United States",38.8951,-77.0364,2
2025-11-14 20:45:00,Trump Administration Tries To Break Through Lock In Effect With Portable Mortgages Housing Market Af,https://nbc16.com/news/nation-world/trump-administration-tries-to-break-through-lock-in-effect-with-portable-mortgages-housing-market-affordability-tariffs,nbc16.com,United States,39.828175,-98.5795,2
2025-11-14 20:45:00,Trump Administration Tries To Break Through Lock In Effect With Portable Mortgages Housing Market Af,https://kimatv.com/news/nation-world/trump-administration-tries-to-break-through-lock-in-effect-with-portable-mortgages-housing-market-affordability-tariffs,kimatv.com,"Washington, Washington, United States",38.8951,-77.0364,2
2025-11-14 20:30:00,Trump Administration Tries To Break Through Lock In Effect With Portable Mortgages Housing Market Af,https://ktxs.com/news/nation-world/trump-administration-tries-to-break-through-lock-in-effect-with-portable-mortgages-housing-market-affordability-tariffs,ktxs.com,"Washington, Washington, United States",38.8951,-77.0364,2
2025-11-14 20:30:00,Trump Administration Tries To Break Through Lock In Effect With Portable Mortgages Housing Market Af,https://kfoxtv.com/news/nation-world/trump-administration-tries-to-break-through-lock-in-effect-with-portable-mortgages-housing-market-affordability-tariffs,kfoxtv.com,Americans,39.828175,-98.5795,2
2025-11-14 20:30:00,Trump Administration Tries To Break Through Lock In Effect With Portable Mortgages Housing Market Af,https://fox4beaumont.com/news/nation-world/trump-administration-tries-to-break-through-lock-in-effect-with-portable-mortgages-housing-market-affordability-tariffs,fox4beaumont.com,United States,39.828175,-98.5795,2
2025-11-14 20:15:00,Trump Administration Tries To Break Through Lock In Effect With Portable Mortgages Housing Market Af,https://katv.com/news/nation-world/trump-administration-tries-to-break-through-lock-in-effect-with-portable-mortgages-housing-market-affordability-tariffs,katv.com,"Washington, Washington, United States",38.8951,-77.0364,2
2025-11-14 20:00:00,Trump Administration Tries To Break Through Lock In Effect With Portable Mortgages Housing Market Af,https://wgme.com/news/nation-world/trump-administration-tries-to-break-through-lock-in-effect-with-portable-mortgages-housing-market-affordability-tariffs,wgme.com,"Washington, Washington, United States",38.8951,-77.0364,2
2025-11-14 20:00:00,Trump Administration Tries To Break Through Lock In Effect With Portable Mortgages Housing Market Af,https://cnycentral.com/news/nation-world/trump-administration-tries-to-break-through-lock-in-effect-with-portable-mortgages-housing-market-affordability-tariffs,cnycentral.com,"Washington, Washington, United States",38.8951,-77.0364,2
2025-11-14 20:00:00,Trump Administration Tries To Break Through Lock In Effect With Portable Mortgages Housing Market Af,https://wcyb.com/news/nation-world/trump-administration-tries-to-break-through-lock-in-effect-with-portable-mortgages-housing-market-affordability-tariffs,wcyb.com,Americans,39.828175,-98.5795,2
2025-11-14 19:45:00,Trump Administration Tries To Break Through Lock In Effect With Portable Mortgages Housing Market Af,https://ktvo.com/news/nation-world/trump-administration-tries-to-break-through-lock-in-effect-with-portable-mortgages-housing-market-affordability-tariffs,ktvo.com,Americans,39.828175,-98.5795,2
2025-11-14 19:45:00,Trump Administration Tries To Break Through Lock In Effect With Portable Mortgages Housing Market Af,https://kfdm.com/news/nation-world/trump-administration-tries-to-break-through-lock-in-effect-with-portable-mortgages-housing-market-affordability-tariffs,kfdm.com,Americans,39.828175,-98.5795,2
2025-11-14 19:45:00,Trump Administration Tries To Break Through Lock In Effect With Portable Mortgages Housing Market Af,https://krcrtv.com/news/nation-world/trump-administration-tries-to-break-through-lock-in-effect-with-portable-mortgages-housing-market-affordability-tariffs,krcrtv.com,United States,39.828175,-98.5795,2
2025-11-14 19:45:00,Trump Administration Tries To Break Through Lock In Effect With Portable Mortgages Housing Market Af,https://abc6onyourside.com/news/nation-world/trump-administration-tries-to-break-through-lock-in-effect-with-portable-mortgages-housing-market-affordability-tariffs,abc6onyourside.com,Americans,39.828175,-98.5795,2
2025-11-14 19:30:00,Trump Administration Tries To Break Through Lock In Effect With Portable Mortgages Housing Market Af,https://kcby.com/news/nation-world/trump-administration-tries-to-break-through-lock-in-effect-with-portable-mortgages-housing-market-affordability-tariffs,kcby.com,Americans,39.828175,-98.5795,2
2025-11-14 19:30:00,Trump Administration Tries To Break Through Lock In Effect With Portable Mortgages Housing Market Af,https://cbs4local.com/news/nation-world/trump-administration-tries-to-break-through-lock-in-effect-with-portable-mortgages-housing-market-affordability-tariffs,cbs4local.com,United States,39.828175,-98.5795,2
2025-11-14 19:30:00,Trump Administration Tries To Break Through Lock In Effect With Portable Mortgages Housing Market Af,https://wach.com/news/nation-world/trump-administration-tries-to-break-through-lock-in-effect-with-portable-mortgages-housing-market-affordability-tariffs,wach.com,Americans,39.828175,-98.5795,2
2025-11-14 19:30:00,Trump Administration Tries To Break Through Lock In Effect With Portable Mortgages Housing Market Af,https://nbcmontana.com/news/nation-world/trump-administration-tries-to-break-through-lock-in-effect-with-portable-mortgages-housing-market-affordability-tariffs,nbcmontana.com,"Washington, Washington, United States",38.8951,-77.0364,2
2025-11-14 19:30:00,Trump Administration Tries To Break Through Lock In Effect With Portable Mortgages Housing Market Af,https://klewtv.com/news/nation-world/trump-administration-tries-to-break-through-lock-in-effect-with-portable-mortgages-housing-market-affordability-tariffs,klewtv.com,United States,39.828175,-98.5795,2
2025-11-14 19:30:00,Trump Administration Tries To Break Through Lock In Effect With Portable Mortgages Housing Market Af,https://newschannel9.com/news/nation-world/trump-administration-tries-to-break-through-lock-in-effect-with-portable-mortgages-housing-market-affordability-tariffs,newschannel9.com,"Washington, Washington, United States",38.8951,-77.0364,2
2025-11-14 19:15:00,Trump Administration Tries To Break Through Lock In Effect With Portable Mortgages Housing Market Af,https://fox56.com/news/nation-world/trump-administration-tries-to-break-through-lock-in-effect-with-portable-mortgages-housing-market-affordability-tariffs,fox56.com,Americans,39.828175,-98.5795,2
2025-11-14 19:15:00,Trump Administration Tries To Break Through Lock In Effect With Portable Mortgages Housing Market Af,https://ktul.com/news/nation-world/trump-administration-tries-to-break-through-lock-in-effect-with-portable-mortgages-housing-market-affordability-tariffs,ktul.com,United States,39.828175,-98.5795,2
2025-11-14 19:15:00,Trump Administration Tries To Break Through Lock In Effect With Portable Mortgages Housing Market Af,https://local21news.com/news/nation-world/trump-administration-tries-to-break-through-lock-in-effect-with-portable-mortgages-housing-market-affordability-tariffs,local21news.com,"Washington, Washington, United States",38.8951,-77.0364,2
2025-11-14 19:15:00,Trump Administration Tries To Break Through Lock In Effect With Portable Mortgages Housing Market Af,https://weartv.com/news/nation-world/trump-administration-tries-to-break-through-lock-in-effect-with-portable-mortgages-housing-market-affordability-tariffs,weartv.com,United States,39.828175,-98.5795,2
2025-11-14 18:45:00,Trump Administration Tries To Break Through Lock In Effect With Portable Mortgages Housing Market Af,https://abcnews4.com/news/nation-world/trump-administration-tries-to-break-through-lock-in-effect-with-portable-mortgages-housing-market-affordability-tariffs,abcnews4.com,United States,39.828175,-98.5795,2
2025-11-14 18:45:00,Trump Administration Tries To Break Through Lock In Effect With Portable Mortgages Housing Market Af,https://myfox28columbus.com/news/nation-world/trump-administration-tries-to-break-through-lock-in-effect-with-portable-mortgages-housing-market-affordability-tariffs,myfox28columbus.com,Americans,39.828175,-98.5795,2
2025-11-14 18:45:00,Trump Administration Tries To Break Through Lock In Effect With Portable Mortgages Housing Market Af,https://turnto10.com/news/nation-world/trump-administration-tries-to-break-through-lock-in-effect-with-portable-mortgages-housing-market-affordability-tariffs,turnto10.com,"Washington, Washington, United States",38.8951,-77.0364,2
2025-11-14 18:45:00,Trump Administration Tries To Break Through Lock In Effect With Portable Mortgages Housing Market Af,https://kpic.com/news/nation-world/trump-administration-tries-to-break-through-lock-in-effect-with-portable-mortgages-housing-market-affordability-tariffs,kpic.com,United States,39.828175,-98.5795,2
2025-11-14 18:45:00,Trump Administration Tries To Break Through Lock In Effect With Portable Mortgages Housing Market Af,https://cbs6albany.com/news/nation-world/trump-administration-tries-to-break-through-lock-in-effect-with-portable-mortgages-housing-market-affordability-tariffs,cbs6albany.com,"Washington, Washington, United States",38.8951,-77.0364,2
2025-11-14 18:45:00,Trump Administration Tries To Break Through Lock In Effect With Portable Mortgages Housing Market Af,https://cbs2iowa.com/news/nation-world/trump-administration-tries-to-break-through-lock-in-effect-with-portable-mortgages-housing-market-affordability-tariffs,cbs2iowa.com,Americans,39.828175,-98.5795,2
2025-11-14 18:45:00,Trump Administration Tries To Break Through Lock In Effect With Portable Mortgages Housing Market Af,https://bakersfieldnow.com/news/nation-world/trump-administration-tries-to-break-through-lock-in-effect-with-portable-mortgages-housing-market-affordability-tariffs,bakersfieldnow.com,Americans,39.828175,-98.5795,2
2025-11-14 18:30:00,Trump Administration Tries To Break Through Lock In Effect With Portable Mortgages Housing Market Af,https://okcfox.com/news/nation-world/trump-administration-tries-to-break-through-lock-in-effect-with-portable-mortgages-housing-market-affordability-tariffs,okcfox.com,United States,39.828175,-98.5795,2
2025-11-14 18:30:00,Trump Administration Tries To Break Through Lock In Effect With Portable Mortgages Housing Market Af,https://mynews4.com/news/nation-world/trump-administration-tries-to-break-through-lock-in-effect-with-portable-mortgages-housing-market-affordability-tariffs,mynews4.com,"Washington, Washington, United States",38.8951,-77.0364,2
2025-11-14 18:15:00,Trump Administration Tries To Break Through Lock In Effect With Portable Mortgages Housing Market Af,https://komonews.com/news/nation-world/trump-administration-tries-to-break-through-lock-in-effect-with-portable-mortgages-housing-market-affordability-tariffs,komonews.com,"Washington, Washington, United States",38.8951,-77.0364,2
2025-11-14 18:15:00,Trump Administration Tries To Break Through Lock In Effect With Portable Mortgages Housing Market Af,https://keprtv.com/news/nation-world/trump-administration-tries-to-break-through-lock-in-effect-with-portable-mortgages-housing-market-affordability-tariffs,keprtv.com,Americans,39.828175,-98.5795,2
2025-11-14 18:00:00,Nyc Rent Home Apartment Housing Affordability Money Pay,https://www.fox5ny.com/news/nyc-rent-home-apartment-housing-affordability-money-pay,fox5ny.com,United States,39.828175,-98.5795,0
2025-11-14 09:45:00,,https://www.bostonherald.com/2025/11/14/mccaughey-playing-politics-with-housing-affordability/,bostonherald.com,American,39.828175,-98.5795,3
2025-11-14 01:45:00,,https://www.housingwire.com/articles/home-affordability-delaying-life-milestones-for-aspiring-buyers/,housingwire.com,American,39.828175,-98.5795,3
2025-11-14 00:30:00,,https://wcbm.com/national-headline/trump-administration-poses-another-possible-solution-to-housing-affordability-the-portable-morgtage/,wcbm.com,American,39.828175,-98.5795,3
2025-11-13 23:45:00,Hidden Costs Of Homeownership Add To Affordability Challenges,https://www.probuilder.com/housing-supply-affordability/news/55330044/hidden-costs-of-homeownership-add-to-affordability-challenges,probuilder.com,"San Francisco, California, United States",37.7749,-122.419,0
2025-11-13 23:45:00,Major Cities Turn To Transit Oriented Housing To Address Affordability Concerns,https://www.probuilder.com/business-management/government-policy/news/55330119/major-cities-turn-to-transit-oriented-housing-to-address-affordability-concerns,probuilder.com,"Washington, Washington, United States",38.8951,-77.0364,0
2025-11-13 22:45:00,Trump Administration Poses Another Possible Solution To Housing Affordability The Portable Morgtage ,https://townhall.com/tipsheet/dmitri-bolt/2025/11/13/trump-administration-poses-another-possible-solution-to-housing-affordability-the-portable-morgtage-n2666421,townhall.com,Americans,39.828175,-98.5795,2
2025-11-13 20:45:00,Dc Council Committees Hear From Community On Housing Voucher Program Affordability Real Estate Homel,https://wjla.com/news/local/dc-council-committees-hear-from-community-on-housing-voucher-program-affordability-real-estate-homeless-human-services-assistance,wjla.com,"Washington, Washington, United States",38.8951,-77.0364,1
2025-11-13 19:15:00,,https://ctnewsjunkie.com/2025/11/13/as-ct-senate-takes-up-housing-bill-carpenters-say-wage-theft-undermines-affordability-goals/,ctnewsjunkie.com,"Legislative Office Building, California, United States",38.5755,-121.495,3
2025-11-13 17:15:00,,https://fortune.com/2025/11/13/average-homebuyer-59-years-old-senior-citizen-housing-market-affordability/,fortune.com,American,39.828175,-98.5795,3
2025-11-13 17:15:00,Housing Affordability Report Prices Stablize,https://www.wbur.org/news/2025/11/13/housing-affordability-report-prices-stablize,wbur.org,"Massachusetts, United States",42.2373,-71.5314,0
2025-11-12 23:15:00,,https://finance-commerce.com/2025/11/white-house-50-year-mortgage-housing-affordability/,finance-commerce.com,"White House, District Of Columbia, United States",38.8951,-77.0364,3
2025-11-12 17:15:00,,https://www.washingtonexaminer.com/restoring-america/faith-freedom-self-reliance/3883890/small-lot-development-housing-affordability-crisis/,washingtonexaminer.com,American,39.828175,-98.5795,3
2025-11-12 05:30:00,,https://wcbm.com/national-headline/trump-administration-exploring-50-year-mortgage-plan-to-tackle-housing-affordability/,wcbm.com,American,39.828175,-98.5795,3
2025-11-12 03:45:00,Article 4E816B05 8840 48Fb B609 68735Fc39753,https://www.losaltosonline.com/business/existing-home-sales-one-unintended-source-of-housing-unaffordability/article_4e816b05-8840-48fb-b609-68735fc39753.html,losaltosonline.com,"Los Angeles, California, United States",34.0522,-118.244,5
