title,url,domain,seendate,sourcecountry,sentiment_compound,sentiment_label,topic,text_clean,token_count
Tentative trade as markets await the FOMC Minutes and Nvidia earnings - Newsquawk European Opening News,https://www.zerohedge.com/markets/tentative-trade-markets-await-fomc-minutes-and-nvidia-earnings-newsquawk-european-opening,zerohedge.com,20251119T100000Z,United States,0.1027,positive,4,tentative trade market await fomc minute nvidia earnings newsquawk european opening news,12
New podcast unravels sudden death of SDPD officer,https://www.kpbs.org/podcasts/kpbs-midday-edition/new-podcast-unravels-sudden-death-of-sdpd-officer,kpbs.org,20251119T043000Z,United States,-0.5994,negative,1,new podcast unravels sudden death sdpd officer,7
"UC Santa Barbara Service and Patient Care Workers Join Strike over Wages , Housing Inequality",https://www.independent.com/2025/11/18/uc-santa-barbara-service-and-patient-care-workers-join-strike-over-wages-housing-inequality/,independent.com,20251119T034500Z,United States,0.5994,positive,1,uc santa barbara service patient care worker join strike wage housing inequality,12
"Baltimore Key Bridge deaths could have been prevented , federal investigators find",https://www.adn.com/nation-world/2025/11/18/baltimore-key-bridge-deaths-could-have-been-prevented-federal-investigators-find/,adn.com,20251119T034500Z,United States,0.0258,neutral,2,baltimore key bridge death could prevented federal investigator find,9
"As Duarte Unified contract impasse drags on , teachers say they are taking on multiple jobs",https://www.sgvtribune.com/2025/11/18/as-duarte-unified-contract-impasse-drags-on-teachers-say-they-are-taking-on-multiple-jobs/,sgvtribune.com,20251119T031500Z,United States,0.2263,positive,4,duarte unified contract impasse drag teacher say taking multiple job,10
NTSB cites blackouts in 2024 Baltimore bridge collapse,https://finance-commerce.com/2025/11/baltimore-bridge-collapse-dali-cargo-ship/,finance-commerce.com,20251119T024500Z,United States,-0.4939,negative,0,ntsb cite blackout baltimore bridge collapse,6
Loose wire the culprit for ship that hit Baltimore Key Bridge,https://www.wypr.org/wypr-news/2025-11-18/loose-wire-the-culprit-for-ship-that-hit-baltimores-key-bridge,wypr.org,20251119T010000Z,United States,-0.3182,negative,1,loose wire culprit ship hit baltimore key bridge,8
Democratic lawmakers propose legislation capping utility bills,https://www.superiortelegram.com/news/wisconsin/democratic-lawmakers-propose-legislation-capping-utility-bills,superiortelegram.com,20251118T234500Z,United States,0.0,neutral,0,democratic lawmaker propose legislation capping utility bill,7
NTSB finds 2 blackouts struck huge cargo ship before it crashed into Baltimore bridge,https://www.yankton.net/news/national_ap/article_989830bc-a5de-53cd-9a63-ad5a32b2f6af.html,yankton.net,20251118T231500Z,United States,0.0772,positive,0,ntsb find blackout struck huge cargo ship crashed baltimore bridge,10
NTSB finds 2 blackouts struck huge cargo ship before it crashed into Baltimore bridge,https://www.wandtv.com/news/national/ntsb-finds-2-blackouts-struck-huge-cargo-ship-before-it-crashed-into-baltimore-bridge/article_2c674e35-9bf9-55bb-ae77-0975b4d5d861.html,wandtv.com,20251118T224500Z,United States,0.0772,positive,0,ntsb find blackout struck huge cargo ship crashed baltimore bridge,10
NTSB finds 2 blackouts struck huge cargo ship before it crashed into Baltimore bridge,https://www.hindustantimes.com/world-news/us-news/ntsb-finds-2-blackouts-struck-huge-cargo-ship-before-it-crashed-into-baltimore-bridge-101763490652727.html,hindustantimes.com,20251118T221500Z,India,0.0772,positive,0,ntsb find blackout struck huge cargo ship crashed baltimore bridge,10
NTSB finds 2 blackouts struck huge cargo ship before it crashed into Baltimore bridge,https://www.wmur.com/article/dali-blackouts-key-bridge-collapse/69474695,wmur.com,20251118T210000Z,United States,0.0772,positive,0,ntsb find blackout struck huge cargo ship crashed baltimore bridge,10
NTSB finds 2 blackouts struck huge cargo ship before it crashed into Baltimore bridge,"http://www.theitem.com/stories/ntsb-finds-2-blackouts-struck-huge-cargo-ship-before-it-crashed-into-baltimore-bridge,436414",theitem.com,20251118T210000Z,United States,0.0772,positive,0,ntsb find blackout struck huge cargo ship crashed baltimore bridge,10
"NTSB : Loose wire , fuel pump issue led to crash into Key Bridge",https://thedailyrecord.com/2025/11/18/dali-power-failure-key-bridge-collapse-baltimore-ntsb/,thedailyrecord.com,20251118T210000Z,United States,-0.6124,negative,1,ntsb loose wire fuel pump issue led crash key bridge,10
NTSB finds 2 blackouts struck huge cargo ship before it crashed into Baltimore bridge,https://www.4029tv.com/article/dali-blackouts-key-bridge-collapse/69474695,4029tv.com,20251118T210000Z,United States,0.0772,positive,0,ntsb find blackout struck huge cargo ship crashed baltimore bridge,10
NTSB finds 2 blackouts struck huge cargo ship before it crashed into Baltimore bridge,"http://theitem.com/stories/ntsb-finds-2-blackouts-struck-huge-cargo-ship-before-it-crashed-into-baltimore-bridge,436414",theitem.com,20251118T200000Z,United States,0.0772,positive,0,ntsb find blackout struck huge cargo ship crashed baltimore bridge,10
Are Starbucks workers still on strike ? Union says company has made no contact . ,https://www.aol.com/articles/starbucks-workers-still-strike-union-184104035.html,aol.com,20251118T200000Z,United States,-0.4019,negative,1,starbucks worker still strike union say company made contact,9
Are Starbucks workers still on strike ? Union says company has made no contact . ,https://www.yahoo.com/news/articles/starbucks-workers-still-strike-union-184104035.html,yahoo.com,20251118T191500Z,United States,-0.4019,negative,1,starbucks worker still strike union say company made contact,9
Starbucks Staff Join Red Cup Rebellion in Harrisonburg,https://mix931online.iheart.com/content/2025-11-18-starbucks-staff-join-red-cup-rebellion-in-harrisonburg/,mix931online.iheart.com,20251118T171500Z,United States,0.1779,positive,1,starbucks staff join red cup rebellion harrisonburg,7
Starbucks Staff Join Red Cup Rebellion in Harrisonburg,https://98rockme.iheart.com/content/2025-11-18-starbucks-staff-join-red-cup-rebellion-in-harrisonburg/,98rockme.iheart.com,20251118T151500Z,United States,0.1779,positive,1,starbucks staff join red cup rebellion harrisonburg,7
Starbucks Staff Join Red Cup Rebellion in Harrisonburg,https://kcycountry.iheart.com/content/2025-11-18-starbucks-staff-join-red-cup-rebellion-in-harrisonburg/,kcycountry.iheart.com,20251118T150000Z,United States,0.1779,positive,1,starbucks staff join red cup rebellion harrisonburg,7
Democratic Wisconsin lawmakers propose legislation capping utility bills,https://www.wpr.org/news/democratic-wisconsin-lawmakers-propose-legislation-capping-utility-bills,wpr.org,20251118T144500Z,United States,0.0,neutral,0,democratic wisconsin lawmaker propose legislation capping utility bill,8
UPDATE : Starbucks Responds to Holiday  Red Cup  Strike Coverage,https://www.lexology.com/library/detail.aspx?g=3283e03b-82e6-45ca-ad85-946a55a5fea0,lexology.com,20251118T110000Z,United States,0.296,positive,1,update starbucks responds holiday red cup strike coverage,8
Iran : Coordinated Protests by Retirees and Workers Erupt in Over a Dozen Cities,https://www.ncr-iran.org/en/news/iran-protests/iran-coordinated-protests-by-retirees-and-workers-erupt-in-over-a-dozen-cities/,ncr-iran.org,20251118T100000Z,Iran,-0.2263,negative,1,iran coordinated protest retiree worker erupt dozen city,8
We Must Resist Trump War Agenda At Home And Abroad,https://www.counterpunch.org/2025/11/18/we-must-resist-trumps-war-agenda-at-home-and-abroad/,counterpunch.org,20251118T081500Z,United States,-0.5994,negative,4,must resist trump war agenda home abroad,7
"Defend the social rights of the working class ! For an independent , global movement against mass layoffs ! ",https://www.wsws.org/en/articles/2025/11/18/lpsk-n18.html,wsws.org,20251118T070000Z,United States,0.0,neutral,2,defend social right working class independent global movement mass layoff,10
  They hate modern Australia : South African neo - Nazi detained after visa cancelled,https://www.sbs.com.au/news/article/south-african-neo-nazi-taken-into-detention-after-visa-cancelled/dgu2j4zl1,sbs.com.au,20251118T070000Z,Australia,-0.8126,negative,2,hate modern australia south african neo nazi detained visa cancelled,10
Chapter 12 : The Claim of Political Persecution,https://www.wsws.org/en/special/library/the-mark-curtis-hoax/701bb0df-9e3c-4f12-8a6f-771b74cb4aaa1.html,wsws.org,20251118T070000Z,United States,0.0,neutral,0,chapter claim political persecution,4
The Barnes group and the decline and fall of the Socialist Workers Party,https://www.wsws.org/en/articles/2025/11/18/rtxo-n18.html,wsws.org,20251118T070000Z,United States,0.4019,positive,2,barnes group decline fall socialist worker party,7
Union Members Vote To End Long Strike At  Pittsburgh Post - Gazette  ,https://www.mediapost.com/publications/article/410769/union-members-vote-to-end-long-strike-at-pittsbur.html,mediapost.com,20251118T063000Z,United States,-0.128,negative,3,union member vote end long strike pittsburgh post gazette,9
Neo - Nazi taken into detention and awaiting deportation,https://www.bluemountainsgazette.com.au/story/9113835/neo-nazi-taken-into-detention-and-awaiting-deportation/,bluemountainsgazette.com.au,20251118T040000Z,Australia,-0.3612,negative,2,neo nazi taken detention awaiting deportation,6
Neo - Nazi taken into detention and awaiting deportation,https://www.bunburymail.com.au/story/9113835/neo-nazi-taken-into-detention-and-awaiting-deportation/,bunburymail.com.au,20251118T034500Z,Australia,-0.3612,negative,2,neo nazi taken detention awaiting deportation,6
"War Dogs , War Prostitutes , War Mongers , War as a Zionist ( ZIM ) Weapon",https://dissidentvoice.org/2025/11/war-dogs-war-prostitutes-war-mongers-war-as-a-zionist-zim-weapon/,dissidentvoice.org,20251118T033000Z,United States,-0.9571,negative,4,war dog war prostitute war monger war zionist zim weapon,10
Neo - Nazi taken into detention and awaiting deportation,https://www.juneesoutherncross.com.au/story/9113835/neo-nazi-taken-into-detention-and-awaiting-deportation/,juneesoutherncross.com.au,20251118T033000Z,Australia,-0.3612,negative,2,neo nazi taken detention awaiting deportation,6
Neo - Nazi taken into detention and awaiting deportation,https://www.theleader.com.au/story/9113835/neo-nazi-taken-into-detention-and-awaiting-deportation/,theleader.com.au,20251118T031500Z,Australia,-0.3612,negative,2,neo nazi taken detention awaiting deportation,6
"Zohran Mamdani , Eugene Debs and the American Socialist Tradition",https://foreignpolicy.com/2025/11/17/mamdani-eugene-debs-american-socialist-tradition/?tpcc=recirc_trending062921,foreignpolicy.com,20251118T021500Z,United States,0.0,neutral,2,zohran mamdani eugene deb american socialist tradition,7
Harvard custodians go on strike,https://www.boston.com/news/local-news/2025/11/17/harvard-custodians-go-on-strike/,boston.com,20251117T223000Z,United States,-0.128,negative,1,harvard custodian go strike,4
"Zohran Mamdani , Eugene Debs and the American Socialist Tradition",https://foreignpolicy.com/2025/11/17/mamdani-eugene-debs-american-socialist-tradition/,foreignpolicy.com,20251117T223000Z,United States,0.0,neutral,2,zohran mamdani eugene deb american socialist tradition,7
Crankies Plain Bridge Rebuild Plans Underway,https://www.miragenews.com/crankies-plain-bridge-rebuild-plans-underway-1572164/,miragenews.com,20251117T221500Z,United States,0.0,neutral,2,crankies plain bridge rebuild plan underway,6
Flowers Foods : Stephens Annual Investor Conference ( stephens annual investor conference november 2025 ) ,https://www.marketscreener.com/news/flowers-foods-stephens-annual-investor-conference-stephens-annual-investor-conference-november-20-ce7d5edadf8cf422,marketscreener.com,20251117T213000Z,,0.0,neutral,4,flower food stephen annual investor conference stephen annual investor conference november,11
When Centralized Systems Fail : How Airlines Can Stay Operational,https://www.forbes.com/councils/forbestechcouncil/2025/11/17/when-centralized-systems-fail-how-airlines-can-stay-operational/,forbes.com,20251117T203000Z,United States,-0.5423,negative,0,centralized system fail airline stay operational,6
Marjorie Taylor Greene v . Donald Trump : Full Timeline of Feud,https://www.newsweek.com/marjorie-taylor-greene-donald-trump-timeline-feud-11060607,newsweek.com,20251117T200000Z,United States,-0.34,negative,0,marjorie taylor greene v donald trump full timeline feud,9
Democrats Cave On Shutdown : Working People Need A New Party,https://www.socialistalternative.org/2025/11/17/democrats-cave-on-shutdown-working-people-need-a-new-party/,socialistalternative.org,20251117T184500Z,United States,0.4019,positive,3,democrat cave shutdown working people need new party,8
OPINION : Senator Hickenlooper Stands with Starbucks Workers in Lafayette – Pagosa Daily Post News Events &amp; Video for Pagosa Springs Colorado,https://pagosadailypost.com/2025/11/17/opinion-senator-hickenlooper-stands-with-starbucks-workers-in-lafayette/,pagosadailypost.com,20251117T184500Z,United States,0.0,neutral,1,opinion senator hickenlooper stand starbucks worker lafayette pagosa daily post news event amp video pagosa spring colorado,17
Teamsters for a Democratic Union at 50,https://jacobin.com/2025/11/teamsters-tdu-reform-caucus-convention,jacobin.com,20251117T183000Z,,0.0,neutral,1,teamster democratic union,3
Garda World Security Corporation Announces Closing of US$650 Million Offering of Senior Secured Notes due 2031,https://www.cantechletter.com/newswires/garda-world-security-corporation-announces-closing-of-us650-million-offering-of-senior-secured-notes-due-2031/,cantechletter.com,20251117T181500Z,Canada,0.6249,positive,1,garda world security corporation announces closing u million offering senior secured note due,13
Hangin  With Havel | WDUZ - AF,https://www.thefan1075.com/2025/11/17/20825/,thefan1075.com,20251117T181500Z,United States,0.0,neutral,0,hangin havel wduz af,4
"This Old - School Diner In New Hampshire Has English Muffins So Good , Theyre Worth A Road Trip",https://familydestinationsguide.com/new-hampshire-diner-muffins/,familydestinationsguide.com,20251117T170000Z,,0.6549,positive,1,old school diner new hampshire english muffin good theyre worth road trip,12
UCSF Maintains Services During Two - Day Strike,https://www.miragenews.com/ucsf-maintains-services-during-two-day-strike-1571876/,miragenews.com,20251117T161500Z,United States,-0.128,negative,1,ucsf maintains service two day strike,6
AP News in Brief at 6 : 04 a . m . EST,https://www.idahostatejournal.com/news/national/ap-news-in-brief-at-6-04-a-m-est/article_b52a2c3a-cca7-5c32-a711-2b49bd8115ee.html,idahostatejournal.com,20251117T154500Z,United States,0.0,neutral,4,ap news brief est,4
Latest Articles,https://freerepublic.com/tag/*/index?more=4352958,freerepublic.com,20251117T141500Z,United States,0.0,neutral,3,latest article,2
Most of Gaza schools are destroyed and hundreds of thousands of children cannot go back to class,https://www.wwaytv3.com/most-of-gazas-schools-are-destroyed-and-hundreds-of-thousands-of-children-cannot-go-back-to-class/,wwaytv3.com,20251117T133000Z,United States,-0.4939,negative,1,gaza school destroyed hundred thousand child go back class,9
AP News Summary at 7 : 25 a . m . EST,https://www.wataugademocrat.com/ap/national/ap-news-summary-at-7-25-a-m-est/article_4c1b632b-daec-5f60-b663-0a4d7c986952.html,wataugademocrat.com,20251117T131500Z,United States,0.0,neutral,1,ap news summary est,4
AP News in Brief at 6 : 04 a . m . EST,https://santamariatimes.com/ap/national/ap-news-in-brief-at-6-04-a-m-est/article_5bcb95d2-cdd4-5a36-9451-be8ecf4c4e82.html,santamariatimes.com,20251117T130000Z,United States,0.0,neutral,4,ap news brief est,4
"Imperialism essence , new mechanisms of domination and reclaiming Lenin method of analysis : An interview with Blanca Missé ( Part I ) ",https://links.org.au/imperialisms-essence-new-mechanisms-domination-and-reclaiming-lenins-method-analysis-interview,links.org.au,20251117T123000Z,Australia,-0.0516,negative,4,imperialism essence new mechanism domination reclaiming lenin method analysis interview blanca missé part,13
AP News in Brief at 6 : 04 a . m . EST,https://www.yumasun.com/news/national_news/ap-news-in-brief-at-6-04-a-m-est/article_e3e8896e-eca7-5e1d-aaf7-4515fb08c599.html,yumasun.com,20251117T121500Z,United States,0.0,neutral,4,ap news brief est,4
AP News Summary at 3 : 25 a . m . EST,https://www.mykxlg.com/news/national/ap-news-summary-at-3-25-a-m-est/article_7d7af042-319b-565d-aaf8-620179338b46.html,mykxlg.com,20251117T103000Z,United States,0.0,neutral,1,ap news summary est,4
AP News in Brief at 12 : 04 a . m . EST - The Morning Sun,"http://www.morningsun.net/stories/ap-news-in-brief-at-1204-am-est,274996",morningsun.net,20251117T094500Z,United States,0.0,neutral,4,ap news brief est morning sun,6
AP News Summary at 1 : 52 a . m . EST - The Morning Sun,"http://www.morningsun.net/stories/ap-news-summary-at-152-am-est,275022",morningsun.net,20251117T094500Z,United States,0.0,neutral,1,ap news summary est morning sun,6
AP News in Brief at 12 : 04 a . m . EST,https://www.winknews.com/news/international/ap-news-in-brief-at-12-04-a-m-est/article_09b48f67-6bdc-5bbb-99ff-32d308190782.html,winknews.com,20251117T091500Z,United States,0.0,neutral,4,ap news brief est,4
AP News Summary at 1 : 52 a . m . EST,https://www.messenger-inquirer.com/ap/elections/ap-news-summary-at-1-52-a-m-est/article_b1b8068d-fa10-51d0-b6bd-41cd7266815a.html,messenger-inquirer.com,20251117T080000Z,United States,0.0,neutral,1,ap news summary est,4
Trump Operation Southern Spear is a New Front in His Widescale Militarization,https://www.counterpunch.org/2025/11/17/trumps-operation-southern-spear-is-a-new-front-in-his-widescale-militarization/,counterpunch.org,20251117T074500Z,United States,0.0,neutral,1,trump operation southern spear new front widescale militarization,8
AP News in Brief at 12 : 04 a . m . EST,https://www.cadillacnews.com/ap/national/ap-news-in-brief-at-12-04-a-m-est/article_84214772-a5f4-5564-a538-8272cb8da8a6.html,cadillacnews.com,20251117T053000Z,United States,0.0,neutral,4,ap news brief est,4
AP News Summary at 10 : 41 p . m . EST,https://www.woonsocketcall.com/news/national_and_world_news/ap-news-summary-at-10-41-p-m-est/article_9993f067-f098-5a22-911d-fc58bbd66ae4.html,woonsocketcall.com,20251117T050000Z,United States,0.0,neutral,1,ap news summary p est,5
AP News Summary at 9 : 45 p . m . EST,https://www.wataugademocrat.com/ap/national/ap-news-summary-at-9-45-p-m-est/article_e46b1af1-c5a9-5cb5-85fc-9956f4e28cd2.html,wataugademocrat.com,20251117T033000Z,United States,0.0,neutral,1,ap news summary p est,5
AP News in Brief at 9 : 04 p . m . EST,https://www.yumasun.com/news/national_news/ap-news-in-brief-at-9-04-p-m-est/article_aeff87aa-793d-53ce-bdd4-9e3c15bf0668.html,yumasun.com,20251117T024500Z,United States,0.0,neutral,4,ap news brief p est,5
Ecuador - Politics 2025,https://www.globalsecurity.org/military/world/ecuador/politics-2025.htm,globalsecurity.org,20251116T231500Z,Syria,0.0,neutral,2,ecuador politics,2
AP News Summary at 5 : 07 p . m . EST,https://www.wataugademocrat.com/ap/national/ap-news-summary-at-5-07-p-m-est/article_e46b1af1-c5a9-5cb5-85fc-9956f4e28cd2.html,wataugademocrat.com,20251116T224500Z,United States,0.0,neutral,1,ap news summary p est,5
AP News Summary at 4 : 07 p . m . EST,https://www.messenger-inquirer.com/ap/elections/ap-news-summary-at-4-07-p-m-est/article_33be7a35-faeb-539d-959b-85cd0f6524b9.html,messenger-inquirer.com,20251116T221500Z,United States,0.0,neutral,1,ap news summary p est,5
Zohran Mamdani Urges Starbucks Boycott Over Contract Dispute : Key Details,https://www.el-balad.com/6768990,el-balad.com,20251116T214500Z,Egypt,-0.6124,negative,0,zohran mamdani urge starbucks boycott contract dispute key detail,9
Battin And Southwick : Retail Crime Crackdown,https://www.miragenews.com/battin-and-southwick-retail-crime-crackdown-1571275/,miragenews.com,20251116T194500Z,United States,-0.5423,negative,0,battin southwick retail crime crackdown,5
AP Top Stories Digest - Harrison Daily,"http://harrisondaily.com/stories/ap-top-stories-digest,340009",harrisondaily.com,20251116T184500Z,United States,0.2023,positive,4,ap top story digest harrison daily,6
"Zohran Mamdani Supports 1 , 000 Baristas Striking Against Starbucks",https://www.el-balad.com/6768733,el-balad.com,20251116T174500Z,Egypt,0.3612,positive,1,zohran mamdani support baristas striking starbucks,6
AP News Summary at 9 : 06 a . m . EST,https://www.mykxlg.com/news/national/ap-news-summary-at-9-06-a-m-est/article_3b921097-60ff-5ac5-bb26-4233a0f39c71.html,mykxlg.com,20251116T144500Z,United States,0.0,neutral,1,ap news summary est,4
AP News Summary at 7 : 44 a . m . EST - The Morning Sun,"http://www.morningsun.net/stories/ap-news-summary-at-744-am-est,274857",morningsun.net,20251116T143000Z,United States,0.0,neutral,1,ap news summary est morning sun,6
AP News Summary at 7 : 29 a . m . EST - Harrison Daily,"http://harrisondaily.com/stories/ap-news-summary-at-729-am-est,339850",harrisondaily.com,20251116T134500Z,United States,0.0,neutral,4,ap news summary est harrison daily,6
"AFSCME Local 3299 to strike Nov . 17 - 18 , CNA to join in solidarity",https://dailybruin.com/2025/11/15/afscme-local-3299-to-strike-nov-17-18-cna-to-join-in-solidarity,dailybruin.com,20251116T094500Z,United States,0.4404,positive,1,afscme local strike nov cna join solidarity,7
"Zohran Mamdani starbucks boycott :  No contract , no coffee : Why Zohran Mamdani is urging everyone to boycott Starbucks - All you need to know",https://economictimes.indiatimes.com/news/international/global-trends/us-news-no-contract-no-coffee-why-zohran-mamdani-is-urging-everyone-to-boycott-starbucks-all-you-need-to-know/articleshow/125362093.cms,economictimes.indiatimes.com,20251116T094500Z,India,-0.7906,negative,0,zohran mamdani starbucks boycott contract coffee zohran mamdani urging everyone boycott starbucks need know,14
"This Gorgeous Small Town In Colorado Is Shockingly Beautiful , And Nobody Talking About It",https://familydestinationsguide.com/gorgeous-town-colorado-beautiful/,familydestinationsguide.com,20251116T080000Z,,0.802,positive,2,gorgeous small town colorado shockingly beautiful nobody talking,8
Morgan Freeman Warns Michael Caine Against Allowing AI to Clone His Voice,http://www.bgnes.com/entertainment/morgan-freeman-warns-michael-caine-against-allowing-ai-to-clone-his-voice,bgnes.com,20251116T070000Z,Bulgaria,0.3182,positive,2,morgan freeman warns michael caine allowing ai clone voice,9
11 / 15 / 25 National Security and Korean News and Commentary | Small Wars Journal by Arizona State University,https://smallwarsjournal.com/2025/11/15/11-15-25-national-security-and-korean-news-and-commentary/,smallwarsjournal.com,20251115T223000Z,United States,-0.296,negative,4,national security korean news commentary small war journal arizona state university,11
"The Small Town In South Dakota That Affordable , Adorable , And Often Overlooked",https://familydestinationsguide.com/town-journey-south-dakota/,familydestinationsguide.com,20251115T210000Z,,0.4767,positive,2,small town south dakota affordable adorable often overlooked,8
This No - Frills BBQ Joint In Vermont Serves Up The Best Baby Back Ribs Youll Ever Taste,https://familydestinationsguide.com/vermont-tasty-back-ribs/,familydestinationsguide.com,20251115T203000Z,,0.4588,positive,4,frill bbq joint vermont serf best baby back rib youll ever taste,12
ECM World Watch : national and global news | East County Magazine,http://www.eastcountymagazine.org/ecm-world-watch-national-and-global-news-425,eastcountymagazine.org,20251115T201500Z,United States,0.0,neutral,1,ecm world watch national global news east county magazine,9
"My F - 150 Was In For Warranty Work , The Ford Dealer Snapped the Turbo Bolts Off Trying to Remove the Manifold , Now They Expect Me To Pay $1500 For a New Manifold",https://www.torquenews.com/1084/my-f-150-was-warranty-work-ford-dealer-snapped-turbo-bolts-trying-remove-manifold-now-they,torquenews.com,20251115T190000Z,United States,-0.1027,negative,1,f warranty work ford dealer snapped turbo bolt trying remove manifold expect pay new manifold,15
3 Reasons to Buy Progressive Stock Before 2026,https://www.fool.com/investing/2025/11/15/3-reasons-to-buy-progressive-stock-before-2026/?source=iedfolrf0000001,fool.com,20251115T161500Z,United States,0.0,neutral,0,reason buy progressive stock,4
AP News in Brief at 6 : 04 a . m . EST,https://www.idahostatejournal.com/news/national/ap-news-in-brief-at-6-04-a-m-est/article_f08b9eef-322c-53be-9951-ff37ddf43e09.html,idahostatejournal.com,20251115T151500Z,United States,0.0,neutral,4,ap news brief est,4
AP News Summary at 6 : 29 a . m . EST,https://www.yumasun.com/news/national_news/ap-news-summary-at-6-29-a-m-est/article_151dd05c-859d-5fb2-91bf-4623a14dcc07.html,yumasun.com,20251115T121500Z,United States,0.0,neutral,1,ap news summary est,4
"Birsa Munda : The Forest Roared , The Empire Trembled 150 Years of Tribal Rebellion and the Spirit That Defies Silence",https://countercurrents.org/2025/11/birsa-munda-the-forest-roared-the-empire-trembled-150-years-of-tribal-rebellion-and-the-spirit-that-defies-silence/,countercurrents.org,20251115T103000Z,India,-0.2263,negative,1,birsa munda forest roared empire trembled year tribal rebellion spirit defies silence,12
AP News Summary at 4 : 59 a . m . EST,https://www.averyjournal.com/ap/national/ap-news-summary-at-4-59-a-m-est/article_d9117af2-ea77-5713-85d9-42201ee31a32.html,averyjournal.com,20251115T103000Z,United States,0.0,neutral,1,ap news summary est,4
AP News Summary at 3 : 28 a . m . EST - The Morning Sun,"http://www.morningsun.net/stories/ap-news-summary-at-328-am-est,274382",morningsun.net,20251115T094500Z,United States,0.0,neutral,1,ap news summary est morning sun,6
AP News in Brief at 12 : 04 a . m . EST,https://www.winknews.com/news/international/ap-news-in-brief-at-12-04-a-m-est/article_d799304c-7915-5477-9a86-8c7d6c1ec9ef.html,winknews.com,20251115T093000Z,United States,0.0,neutral,4,ap news brief est,4
AP News Summary at 3 : 23 a . m . EST,https://www.wdtimes.com/news/national/ap-news-summary-at-3-23-a-m-est/article_09d4c604-a58f-53b9-8639-1d562a9961c3.html,wdtimes.com,20251115T090000Z,United States,0.0,neutral,1,ap news summary est,4
AP News Summary at 11 : 47 p . m . EST,https://www.hngnews.com/nation_world/ap-news-summary-at-11-47-p-m-est/article_92415be7-9e84-5b6e-ad55-fa233ead783e.html,hngnews.com,20251115T084500Z,United States,0.0,neutral,1,ap news summary p est,5
AP News in Brief at 11 : 04 p . m . EST,https://www.yumasun.com/news/national_news/ap-news-in-brief-at-11-04-p-m-est/article_67c0c33b-460f-5278-8aed-2bb2e16c19f4.html,yumasun.com,20251115T074500Z,United States,0.0,neutral,4,ap news brief p est,5
"Russian Offensive Campaign Assessment , Nov . 14 , 2025",https://understandingwar.org/research/russia-ukraine/russian-offensive-campaign-assessment-november-14-2025/,understandingwar.org,20251115T063000Z,Syria,-0.4588,negative,1,russian offensive campaign assessment nov,5
AP News in Brief at 11 : 04 p . m . EST,https://www.idahostatejournal.com/news/national/ap-news-in-brief-at-11-04-p-m-est/article_9fe2d881-10fa-50f4-8653-2c4f20069b48.html,idahostatejournal.com,20251115T060000Z,United States,0.0,neutral,4,ap news brief p est,5
AP News in Brief at 12 : 04 a . m . EST – Winnipeg Free Press,https://www.winnipegfreepress.com/world/2025/11/14/ap-news-in-brief-at-1204-a-m-est-377,winnipegfreepress.com,20251115T053000Z,Canada,0.5106,positive,4,ap news brief est winnipeg free press,7
AP News in Brief at 11 : 04 p . m . EST,https://www.cadillacnews.com/ap/national/ap-news-in-brief-at-11-04-p-m-est/article_b32df0e1-cfc6-58c3-8fe0-f92f4a48773d.html,cadillacnews.com,20251115T043000Z,United States,0.0,neutral,4,ap news brief p est,5
AP News in Brief at 11 : 04 p . m . EST,https://www.smdailyjournal.com/news/national/ap-news-in-brief-at-11-04-p-m-est/article_fc5d6599-1022-5155-9084-25600b58a4e2.html,smdailyjournal.com,20251115T043000Z,United States,0.0,neutral,4,ap news brief p est,5
"Cigar : Who Invented It , What You Can Learn",https://inventorspot.com/cigar/,inventorspot.com,20251115T040000Z,United States,0.0,neutral,0,cigar invented learn,3
"Ukraine / Russia Update Day 1 , 361 …. Russia Attacks Cities … Pokrovsk Battle Continues …… ",https://politicaldog101.com/2025/11/ukraine-russia-update-day-1361-russia-attacks-cities-pokrovsk-battle-continues/,politicaldog101.com,20251115T040000Z,United States,-0.6705,negative,2,ukraine russia update day russia attack city pokrovsk battle continues,10
Starbucks Workers United brings national  Red Cup Rebellion  to Pitt,https://pittnews.com/article/199170/top-stories/starbucks-workers-united-brings-national-red-cup-rebellion-to-pitt/,pittnews.com,20251115T040000Z,United States,0.3182,positive,1,starbucks worker united brings national red cup rebellion pitt,9
Santa Cruz Starbucks workers strike on Red Cup Day,https://www.santacruzsentinel.com/2025/11/14/santa-cruz-starbucks-workers-strike-on-red-cup-day/,santacruzsentinel.com,20251115T034500Z,United States,-0.128,negative,1,santa cruz starbucks worker strike red cup day,8
"The Latest : Trump drops tariffs on beef , coffee , tropical fruit as consumers face high prices",https://www.wral.com/news/ap/9b419-the-latest-trump-drops-tariffs-on-beef-coffee-tropical-fruit-as-consumers-face-high-prices/,wral.com,20251115T034500Z,United States,0.0,neutral,0,latest trump drop tariff beef coffee tropical fruit consumer face high price,12
"Zohran Mamdani wants everyone to boycott Starbucks after over 1 , 000 baristas go on strike",https://www.hindustantimes.com/trending/us/zohran-mamdani-wants-everyone-to-boycott-starbucks-after-over-1-000-baristas-go-on-strike-101763170893352.html,hindustantimes.com,20251115T033000Z,India,-0.4215,negative,1,zohran mamdani want everyone boycott starbucks baristas go strike,9
Workers Struggles : Asia and Australia,https://www.wsws.org/en/articles/2025/11/14/pvyz-n14.html,wsws.org,20251115T031500Z,United States,-0.3612,negative,1,worker struggle asia australia,4
AP News Summary at 9 : 05 p . m . EST,https://www.yumasun.com/news/national_news/ap-news-summary-at-9-05-p-m-est/article_6ae09b50-889c-5568-b95e-dddeb204ab4a.html,yumasun.com,20251115T024500Z,United States,0.0,neutral,1,ap news summary p est,5
"The Latest : Trump drops tariffs on beef , coffee , tropical fruit as consumers face high prices",https://www.nvdaily.com/associated_press_national/the-latest-trump-drops-tariffs-on-beef-coffee-tropical-fruit-as-consumers-face-high-prices/article_62996781-804d-5f58-b083-c1966e6263c4.html,nvdaily.com,20251115T023000Z,United States,0.0,neutral,0,latest trump drop tariff beef coffee tropical fruit consumer face high price,12
People Travel From All Over North Dakota To Eat At This Hole - In - The - Wall BBQ Restaurant,https://familydestinationsguide.com/travel-north-dakota-bbq/,familydestinationsguide.com,20251115T020000Z,,0.0,neutral,4,people travel north dakota eat hole wall bbq restaurant,9
AP News in Brief at 6 : 04 p . m . EST,https://www.averyjournal.com/ap/national/ap-news-in-brief-at-6-04-p-m-est/article_9a0167a7-540a-5248-ba4a-4efc742f49ea.html,averyjournal.com,20251115T014500Z,United States,0.0,neutral,4,ap news brief p est,5
The Life of the ( Communist ) Party,https://www.peoplesworld.org/article/the-life-of-the-communist-party/,peoplesworld.org,20251115T014500Z,United States,0.4019,positive,0,life communist party,3
"The Latest : Trump drops tariffs on beef , coffee , tropical fruit as consumers face high prices",https://www.mankatofreepress.com/news/state_national_news/the-latest-trump-drops-tariffs-on-beef-coffee-tropical-fruit-as-consumers-face-high-prices/article_0248654b-bdd1-5520-96c6-9f5322bf77b6.html,mankatofreepress.com,20251115T014500Z,United States,0.0,neutral,0,latest trump drop tariff beef coffee tropical fruit consumer face high price,12
"The Latest : Trump drops tariffs on beef , coffee , tropical fruit as consumers face high prices",https://www.2news.com/news/national/the-latest-trump-drops-tariffs-on-beef-coffee-tropical-fruit-as-consumers-face-high-prices/article_e15130e9-006a-5565-bb1d-6d33aa436c83.html,2news.com,20251115T014500Z,,0.0,neutral,0,latest trump drop tariff beef coffee tropical fruit consumer face high price,12
"The Latest : Trump drops tariffs on beef , coffee , tropical fruit as consumers face high prices",https://www.idahostatejournal.com/news/national/the-latest-trump-drops-tariffs-on-beef-coffee-tropical-fruit-as-consumers-face-high-prices/article_f9d67fd0-0878-5751-a728-3e5e421b0e7a.html,idahostatejournal.com,20251115T014500Z,United States,0.0,neutral,0,latest trump drop tariff beef coffee tropical fruit consumer face high price,12
"The Latest : Trump drops tariffs on beef , coffee , tropical fruit as consumers face high prices",https://www.smdailyjournal.com/news/national/the-latest-trump-drops-tariffs-on-beef-coffee-tropical-fruit-as-consumers-face-high-prices/article_b4adc067-83a5-5c94-918e-bbd425c72956.html,smdailyjournal.com,20251115T011500Z,United States,0.0,neutral,0,latest trump drop tariff beef coffee tropical fruit consumer face high price,12
"The Latest : Trump drops tariffs on beef , coffee , tropical fruit as consumers face high prices",https://www.idahopress.com/ap_news/us/the-latest-trump-drops-tariffs-on-beef-coffee-tropical-fruit-as-consumers-face-high-prices/article_2aa28ecd-ff52-5f4e-9f3d-c6a3fbe19997.html,idahopress.com,20251115T010000Z,United States,0.0,neutral,0,latest trump drop tariff beef coffee tropical fruit consumer face high price,12
Starbucks sued by former Everett employee claiming labor violations,https://www.seattletimes.com/business/starbucks/starbucks-sued-by-former-everett-employee-claiming-labor-violations/,seattletimes.com,20251115T003000Z,United States,-0.5267,negative,1,starbucks sued former everett employee claiming labor violation,8
"The Latest : Trump drops tariffs on beef , coffee , tropical fruit as consumers face high prices",https://www.goskagit.com/news/nation/the-latest-trump-drops-tariffs-on-beef-coffee-tropical-fruit-as-consumers-face-high-prices/article_45e58dbf-8a83-5e68-99a6-7e1ca902e969.html,goskagit.com,20251115T000000Z,United States,0.0,neutral,0,latest trump drop tariff beef coffee tropical fruit consumer face high price,12
What a century of US interventions in Latin America say about Trump Venezuela gambit,https://www.spokesman.com/stories/2025/nov/14/what-a-century-of-us-interventions-in-latin-americ/,spokesman.com,20251114T233000Z,United States,0.0,neutral,4,century u intervention latin america say trump venezuela gambit,9
AP News in Brief at 6 : 04 p . m . EST,https://www.cadillacnews.com/ap/national/ap-news-in-brief-at-6-04-p-m-est/article_b32df0e1-cfc6-58c3-8fe0-f92f4a48773d.html,cadillacnews.com,20251114T233000Z,United States,0.0,neutral,4,ap news brief p est,5
The government is back open . Here what that means for economic data | National,https://www.wsiltv.com/news/national/the-government-is-back-open-here-s-what-that-means-for-economic-data/article_228ddf8d-5ce5-58f3-b98a-3a3c4101d513.html,wsiltv.com,20251114T233000Z,United States,0.0,neutral,4,government back open mean economic data national,7
"The Latest : Epstein documents show his politically diverse , rich and powerful network",https://www.weny.com/wires/the-latest-epstein-documents-show-his-politically-diverse-rich-and-powerful-network/article_b5c719bd-0eb5-5671-8bf6-ac186a0080b7.html,weny.com,20251114T231500Z,United States,0.7506,positive,3,latest epstein document show politically diverse rich powerful network,9
"The Latest : Epstein documents show his politically diverse , rich and powerful network",https://www.reflector.com/news/national/the-latest-epstein-documents-show-his-politically-diverse-rich-and-powerful-network/article_0c5ec616-d385-5be5-b4b7-08092746c5b6.html,reflector.com,20251114T231500Z,United States,0.7506,positive,3,latest epstein document show politically diverse rich powerful network,9
Workers at two Twin Cities Starbucks take part in national strike,https://www.twincities.com/2025/11/14/workers-at-two-twin-cities-starbucks-take-part-in-national-strike/,twincities.com,20251114T231500Z,United States,-0.128,negative,1,worker two twin city starbucks take part national strike,9
The government is back open . Here what that means for economic data | National,https://www.wxow.com/news/national/the-government-is-back-open-here-s-what-that-means-for-economic-data/article_8a84256b-8ee1-5438-9879-aed2921978de.html,wxow.com,20251114T231500Z,United States,0.0,neutral,4,government back open mean economic data national,7
The Picturesque Town In Delaware Where You Can Live On Nothing But Social Security,https://familydestinationsguide.com/delaware-picturesque-town-living/,familydestinationsguide.com,20251114T231500Z,,-0.1911,negative,2,picturesque town delaware live nothing social security,7
Hemp industry plans to lobby Congress before ban starts,https://www.washingtonexaminer.com/news/senate/3887400/hemp-industry-plans-lobby-congress-before-cannabis-ban-starts/,washingtonexaminer.com,20251114T230000Z,United States,-0.5423,negative,2,hemp industry plan lobby congress ban start,7
"The Latest : Epstein documents show his politically diverse , rich and powerful network",https://www.yakimaherald.com/news/nation_and_world/nation/the-latest-epstein-documents-show-his-politically-diverse-rich-and-powerful-network/article_ed1f63c1-df82-59ad-8932-ac7e2397d356.html,yakimaherald.com,20251114T223000Z,United States,0.7506,positive,3,latest epstein document show politically diverse rich powerful network,9
NYC Mayor - elect Zohran Mamdani calls for Starbucks boycott as union strikes,https://nypost.com/2025/11/14/business/nyc-mayor-elect-zohran-mamdani-calls-for-starbucks-boycott-as-union-strikes/,nypost.com,20251114T221500Z,United States,-0.5859,negative,1,nyc mayor elect zohran mamdani call starbucks boycott union strike,10
The Life of the ( Communist ) Party,https://peoplesworld.org/article/the-life-of-the-communist-party/,peoplesworld.org,20251114T214500Z,United States,0.4019,positive,0,life communist party,3
"The Latest : Epstein documents show his politically diverse , rich and powerful network",https://ca.news.yahoo.com/latest-newly-released-epstein-emails-132824914.html,ca.news.yahoo.com,20251114T214500Z,United States,0.7506,positive,3,latest epstein document show politically diverse rich powerful network,9
Gaza War Becomes Cash Surge for US Weapons Makers,https://english.aawsat.com/arab-world/5208906-gaza-war-becomes-cash-surge-us-weapons-makers,english.aawsat.com,20251114T211500Z,Syria,-0.7783,negative,4,gaza war becomes cash surge u weapon maker,8
Latest Articles,https://freerepublic.com/tag/*/index?more=4352552,freerepublic.com,20251114T204500Z,United States,0.0,neutral,3,latest article,2
"The Latest : Epstein documents show his politically diverse , rich and powerful network",https://www.2news.com/news/national/the-latest-epstein-documents-show-his-politically-diverse-rich-and-powerful-network/article_e15130e9-006a-5565-bb1d-6d33aa436c83.html,2news.com,20251114T204500Z,,0.7506,positive,3,latest epstein document show politically diverse rich powerful network,9
Starbucks union strike on Red Cup Day hits two Seattle stores,"http://www.chronline.com/stories/starbucks-union-strike-on-red-cup-day-hits-two-seattle-stores,391090",chronline.com,20251114T181500Z,United States,-0.128,negative,1,starbucks union strike red cup day hit two seattle store,10
"International News Briefs for Friday , November 14 , 2025",https://havanatimes.org/news/international-news-briefs-for-friday-november-14-2025/,havanatimes.org,20251114T181500Z,Cuba,0.0,neutral,4,international news brief friday november,5
"Ken Burns on  The American Revolution , Joe Rogan and No Kings",https://variety.com/2025/tv/news/ken-burns-the-american-revolution-1236573384/,variety.com,20251114T154500Z,United States,-0.296,negative,2,ken burn american revolution joe rogan king,7
"Tear gas , car crashes , rubber bullets : Trump  blitz  ",https://chicago.suntimes.com/morning-edition/2025/11/14/trump-deportation-ice-border-patrol-chicago-obama-presidential-center-snap,chicago.suntimes.com,20251114T150000Z,United States,0.0,neutral,0,tear gas car crash rubber bullet trump blitz,8
Economic outlook : commodity and pulp market analysis,https://www.fastmarkets.com/insights/buckle-up-for-2026-unraveling-the-turbulent-political-and-economic-storms-shaking-latin-america/,fastmarkets.com,20251114T143000Z,China,0.0,neutral,4,economic outlook commodity pulp market analysis,6
11 / 11 / 1975 US - backed Australian Coup : What Mendacious &amp; Traitorous Australian Mainstream Media Ignore,https://countercurrents.org/2025/11/11-11-1975-us-backed-australian-coup-what-mendacious-traitorous-australian-mainstream-media-ignore/,countercurrents.org,20251114T120000Z,India,-0.34,negative,0,u backed australian coup mendacious amp traitorous australian mainstream medium ignore,11
"Thousands of united kingdom doctors launch 5 - day strike over pay , training",https://www.dailysabah.com/business/economy/thousands-of-uk-doctors-launch-5-day-strike-over-pay-training,dailysabah.com,20251114T120000Z,Turkey,0.2263,positive,1,thousand united kingdom doctor launch day strike pay training,9
This Quirky Pub In Wyoming Has A Taco Salad That Absolutely To Die For,https://familydestinationsguide.com/quirky-pub-wyoming-taco/,familydestinationsguide.com,20251114T111500Z,,-0.6344,negative,0,quirky pub wyoming taco salad absolutely die,7
Unionized Starbucks workers begin nationwide strike,https://www.murrayledger.com/news/unionized-starbucks-workers-begin-nationwide-strike/article_5aba4646-98a4-4934-87f2-a20bd61bb541.html,murrayledger.com,20251114T100000Z,United States,-0.128,negative,1,unionized starbucks worker begin nationwide strike,6
The Democrats : a Modern Day Version of Zombie Politics and the Walking Dead,https://www.counterpunch.org/2025/11/14/the-democrats-a-modern-day-version-of-zombie-politics-and-the-walking-dead/,counterpunch.org,20251114T091500Z,United States,-0.6486,negative,2,democrat modern day version zombie politics walking dead,8
Who Was Eugene Debs ? ,https://www.counterpunch.org/2025/11/14/who-was-eugene-debs/,counterpunch.org,20251114T091500Z,United States,0.0,neutral,2,eugene deb,2
Trump takes heat from his MAGA base : From the Politics Desk,https://www.yahoo.com/news/articles/trump-takes-heat-maga-politics-220000084.html,yahoo.com,20251114T021500Z,United States,0.0,neutral,4,trump take heat maga base politics desk,7
Starbucks strikes on  Red Cup Day  impact locations nationally,https://www.ksbw.com/article/stores-central-coast-nationwide-starbucks-strikes/69429569,ksbw.com,20251114T021500Z,United States,-0.3612,negative,1,starbucks strike red cup day impact location nationally,8
Colombian Football Faces Crisis : Another Club May Strike Ahead of BetPlay Matchday 20,https://www.el-balad.com/6765830,el-balad.com,20251114T004500Z,Egypt,-0.6808,negative,1,colombian football face crisis another club may strike ahead betplay matchday,11
The Latest : Federal offices reopen as the government shutdown ends,https://www.independent.co.uk/news/world/europe/donald-trump-jr-white-house-john-fetterman-republicans-education-department-b2865016.html,independent.co.uk,20251114T003000Z,United Kingdom,0.0,neutral,3,latest federal office reopen government shutdown end,7
Starbucks Workers Strike on Red Cup Day,https://www.bonappetit.com/story/starbucks-red-cup-day-strike,bonappetit.com,20251114T003000Z,United States,-0.128,negative,1,starbucks worker strike red cup day,6
The Latest : Federal offices reopen as the government shutdown ends,https://www.smdailyjournal.com/news/national/the-latest-federal-offices-reopen-as-the-government-shutdown-ends/article_9e51b9fb-9dba-5522-a237-09f2f803ea24.html,smdailyjournal.com,20251114T000000Z,United States,0.0,neutral,3,latest federal office reopen government shutdown end,7
"The Slow - Paced Town In Vermont Where You Can Live Quietly , Happily , And Debt - Free",https://familydestinationsguide.com/peaceful-vermont-debt-free/,familydestinationsguide.com,20251113T220000Z,,0.6597,positive,2,slow paced town vermont live quietly happily debt free,9
"The Slow - Paced Town In Montana Where You Can Live Quietly , Happily , And Debt - Free",https://familydestinationsguide.com/slow-town-montana-debt/,familydestinationsguide.com,20251113T210000Z,,0.6597,positive,2,slow paced town montana live quietly happily debt free,9
"Verizon Massive Overhaul : 15 , 000 Jobs on the Line Amid Telecom Turmoil",https://www.webpronews.com/verizons-massive-overhaul-15000-jobs-on-the-line-amid-telecom-turmoil/,webpronews.com,20251113T184500Z,United States,-0.3612,negative,4,verizon massive overhaul job line amid telecom turmoil,8
"Data Intelligence , CTP Products ; Compliance Warning About Thanksgiving ; Another Fed President to Leave",https://www.mortgagenewsdaily.com:443/opinion/pipelinepress-11132025,mortgagenewsdaily.com,20251113T181500Z,United States,0.128,positive,2,data intelligence ctp product compliance warning thanksgiving another fed president leave,11
Starbucks Red Cup Day strike : Starbucks strike 2025 : Why baristas are protesting on Red Cup Day across 40 cities - will it affect holiday sales ? ,https://economictimes.indiatimes.com/news/international/us/starbucks-strike-2025-why-baristas-are-protesting-on-red-cup-day-across-40-cities-will-it-affect-holiday-sales/articleshow/125304458.cms,economictimes.indiatimes.com,20251113T173000Z,India,-0.2732,negative,1,starbucks red cup day strike starbucks strike baristas protesting red cup day across city affect holiday sale,17
Kazakhstan and Russia neo - imperialism,https://links.org.au/kazakhstan-and-russias-neo-imperialism,links.org.au,20251113T110000Z,Australia,0.0,neutral,2,kazakhstan russia neo imperialism,4
Have We Entered a New Feudal Era ? ,https://www.counterpunch.org/2025/11/13/have-we-entered-a-new-feudal-era/,counterpunch.org,20251113T090000Z,United States,-0.2023,negative,1,entered new feudal era,4
The Latest : Longest government shutdown in US history ends after 43 days as Trump signs funding bill,https://www.rockymounttelegram.com/news/national/the-latest-longest-government-shutdown-in-us-history-ends-after-43-days-as-trump-signs/article_7845527d-85e9-58cb-b7c5-fa6589873c1f.html,rockymounttelegram.com,20251113T080000Z,United States,0.0,neutral,3,latest longest government shutdown u history end day trump sign funding bill,12
The Latest : Longest government shutdown in US history ends after 43 days as Trump signs funding bill,https://www.mankatofreepress.com/news/state_national_news/the-latest-longest-government-shutdown-in-us-history-ends-after-43-days-as-trump-signs/article_25528fbd-b1c7-5152-85bc-3ab3e5118c8d.html,mankatofreepress.com,20251113T070000Z,United States,0.0,neutral,3,latest longest government shutdown u history end day trump sign funding bill,12
The Latest : Longest government shutdown in US history ends after 43 days as Trump signs funding bill,https://www.idahopress.com/ap_news/us/the-latest-longest-government-shutdown-in-us-history-ends-after-43-days-as-trump-signs/article_b7f1847f-3dc5-5e1d-bd4a-6a007bfb58d7.html,idahopress.com,20251113T070000Z,United States,0.0,neutral,3,latest longest government shutdown u history end day trump sign funding bill,12
The Latest : Longest government shutdown in US history ends after 43 days as Trump signs funding bill,https://www.king5.com/article/syndication/associatedpress/the-latest-house-returns-to-vote-on-ending-the-shutdown-after-nearly-2-months-kept-away/616-9fb8e473-e802-47ce-98a5-a0a8425176a5,king5.com,20251113T070000Z,United States,0.0,neutral,3,latest longest government shutdown u history end day trump sign funding bill,12
The Latest : Longest government shutdown in US history ends after 43 days as Trump signs funding bill – Winnipeg Free Press,https://www.winnipegfreepress.com/breakingnews/2025/11/12/the-latest-house-returns-to-vote-on-ending-the-shutdown-after-nearly-2-months-kept-away,winnipegfreepress.com,20251113T061500Z,Canada,0.5106,positive,3,latest longest government shutdown u history end day trump sign funding bill winnipeg free press,15
The Latest : Longest government shutdown in US history ends after 43 days as Trump signs funding bill,https://www.postregister.com/news/national/the-latest-longest-government-shutdown-in-us-history-ends-after-43-days-as-trump-signs/article_1d153253-a636-58a5-b990-9e655f300380.html,postregister.com,20251113T053000Z,United States,0.0,neutral,3,latest longest government shutdown u history end day trump sign funding bill,12
The Latest : Longest government shutdown in US history ends after 43 days as Trump signs funding bill,https://www.idahostatejournal.com/news/national/the-latest-longest-government-shutdown-in-us-history-ends-after-43-days-as-trump-signs/article_9af4f705-35e8-55d5-9d6b-8c664709d4a2.html,idahostatejournal.com,20251113T051500Z,United States,0.0,neutral,3,latest longest government shutdown u history end day trump sign funding bill,12
The Latest : Longest government shutdown in US history ends after 43 days as Trump signs funding bill,https://www.wral.com/news/ap/8cae8-the-latest-longest-government-shutdown-in-us-history-ends-after-43-days-as-trump-signs-funding-bill/,wral.com,20251113T041500Z,United States,0.0,neutral,3,latest longest government shutdown u history end day trump sign funding bill,12
The Latest : Longest government shutdown in US history ends after 43 days as Trump signs funding bill,https://www.weny.com/wires/the-latest-longest-government-shutdown-in-us-history-ends-after-43-days-as-trump-signs/article_ff121727-ff06-5c7b-9e51-6f9e6c293783.html,weny.com,20251113T041500Z,United States,0.0,neutral,3,latest longest government shutdown u history end day trump sign funding bill,12
Meeting discusses way forward for workers after the New Zealand  mega - strike  ,https://www.wsws.org/en/articles/2025/11/13/krku-n13.html,wsws.org,20251113T040000Z,United States,-0.128,negative,1,meeting discusses way forward worker new zealand mega strike,9
The Latest : House votes to reopen the government and sends the bill to Trump for his signature,https://www.nvdaily.com/associated_press_national/the-latest-house-votes-to-reopen-the-government-and-sends-the-bill-to-trump-for/article_1b78acb3-481b-5525-bfe0-822877c3c1d8.html,nvdaily.com,20251113T040000Z,United States,0.0,neutral,3,latest house vote reopen government sends bill trump signature,9
The Latest : Longest government shutdown in US history ends after 43 days as Trump signs funding bill,https://www.goskagit.com/news/politics/the-latest-longest-government-shutdown-in-us-history-ends-after-43-days-as-trump-signs/article_8b89bc0a-6a4a-5125-afe1-b1e1b2765386.html,goskagit.com,20251113T040000Z,United States,0.0,neutral,3,latest longest government shutdown u history end day trump sign funding bill,12
The Latest : House votes to reopen the government and sends the bill to Trump for his signature,https://www.yakimaherald.com/news/nation_and_world/nation/the-latest-house-votes-to-reopen-the-government-and-sends-the-bill-to-trump-for/article_3e5f839d-199e-583c-87a7-c1660e33e51d.html,yakimaherald.com,20251113T033000Z,United States,0.0,neutral,3,latest house vote reopen government sends bill trump signature,9
The 340B Program New Rebate Pilot Wont Fix Its Problems,https://medcitynews.com/2025/11/340b-drug-costs-healthcare-hospitals/,medcitynews.com,20251113T031500Z,United States,0.3089,positive,1,program new rebate pilot wont fix problem,7
Artist chisel transforms stump outside Peaks Island cafe into an octopus,https://www.pressherald.com/2025/06/09/peaks-island-artist-turns-fallen-tree-outside-cafe-into-octopus-carving/,pressherald.com,20251113T031500Z,United States,0.0,neutral,0,artist chisel transforms stump outside peak island cafe octopus,9
Former Sanders organizer Dave Bushaw running as independent in Iowa 2nd District,https://www.kcci.com/article/dave-bushaw-joins-iowa-2nd-district-race/69417284,kcci.com,20251113T030000Z,United States,0.0,neutral,2,former sander organizer dave bushaw running independent iowa district,9
  Students Rise Up  actions hit 100 cities – Workers World,https://www.workers.org/2025/11/88962/,workers.org,20251113T024500Z,United States,0.0,neutral,1,student rise action hit city worker world,7
"After Elon Musk Boring Co . was cited for serious safety violations , the Nevada governor office stepped in . Then someone deleted evidence of that meeting",https://fortune.com/2025/11/12/elon-musk-boring-company-tunnels-injuries-osha-citations-fines-rescinded-nevada-governor-office-documents-altered/,fortune.com,20251113T023000Z,United States,-0.4939,negative,3,elon musk boring co cited serious safety violation nevada governor office stepped someone deleted evidence meeting,16
The Latest : House votes to reopen the government and sends the bill to Trump for his signature,https://www.idahopress.com/ap_news/us/the-latest-house-votes-to-reopen-the-government-and-sends-the-bill-to-trump-for/article_b7f1847f-3dc5-5e1d-bd4a-6a007bfb58d7.html,idahopress.com,20251113T020000Z,United States,0.0,neutral,3,latest house vote reopen government sends bill trump signature,9
The Latest : House votes to reopen the government and sends the bill to Trump for his signature,https://www.2news.com/news/national/the-latest-house-votes-to-reopen-the-government-and-sends-the-bill-to-trump-for/article_9f2ee254-49c3-58ee-b8c0-0b0a7e7a4bed.html,2news.com,20251113T020000Z,,0.0,neutral,3,latest house vote reopen government sends bill trump signature,9
The Latest : House returns to vote on ending the government shutdown after nearly 2 months away,https://santamariatimes.com/ap/national/the-latest-house-returns-to-vote-on-ending-the-government-shutdown-after-nearly-2-months/article_20a70faa-3591-5ab3-bbdc-1198f33bbfb9.html,santamariatimes.com,20251113T014500Z,United States,0.0,neutral,3,latest house return vote ending government shutdown nearly month away,10
The Latest : House returns to vote on ending the government shutdown after nearly 2 months away,https://www.goskagit.com/news/politics/the-latest-house-returns-to-vote-on-ending-the-government-shutdown-after-nearly-2-months/article_8b89bc0a-6a4a-5125-afe1-b1e1b2765386.html,goskagit.com,20251113T013000Z,United States,0.0,neutral,3,latest house return vote ending government shutdown nearly month away,10
Bill giving raises to NYC paraprofessional gets City Council hearing,https://www.chalkbeat.org/newyork/2025/11/12/legislation-mandating-paraprofessional-raises-gets-city-council-hearing/,chalkbeat.org,20251113T004500Z,United States,0.34,positive,0,bill giving raise nyc paraprofessional get city council hearing,9
The Latest : House returns to vote on ending the government shutdown after nearly 2 months away,https://www.wwltv.com/article/syndication/associatedpress/the-latest-house-returns-to-vote-on-ending-the-shutdown-after-nearly-2-months-kept-away/616-9fb8e473-e802-47ce-98a5-a0a8425176a5,wwltv.com,20251113T001500Z,United States,0.0,neutral,3,latest house return vote ending government shutdown nearly month away,10
House returns to vote on ending longest federal government shutdown in US history,https://www.wokv.com/news/latest-house-returns/YJFVOBQLFY2BBHZ4F5FS2L7R3E/,wokv.com,20251113T001500Z,United States,0.0,neutral,3,house return vote ending longest federal government shutdown u history,10
Independent candidate Dave Bushaw joins Iowa 2nd Congressional District race,https://www.kcrg.com/2025/11/12/independent-candidate-dave-bushaw-joins-iowa-2nd-congressional-district-race/,kcrg.com,20251113T001500Z,United States,0.0,neutral,2,independent candidate dave bushaw join iowa congressional district race,9
"Alaska Sacred Acre Music Festival Embraces EDM , Sustainability , and Adventure",https://matadornetwork.com/read/sacred-acre/,matadornetwork.com,20251112T233000Z,United States,0.6705,positive,0,alaska sacred acre music festival embrace edm sustainability adventure,9
Echidna | Graham Richardson legacy : A tale of scandal | Great Lakes Advocate,https://www.greatlakesadvocate.com.au/story/9110174/echidna-graham-richardsons-legacy-a-tale-of-scandal/,greatlakesadvocate.com.au,20251112T231500Z,Australia,0.296,positive,3,echidna graham richardson legacy tale scandal great lake advocate,9
Echidna | Graham Richardson legacy : A tale of scandal | The Irrigator,https://www.irrigator.com.au/story/9110174/echidna-graham-richardsons-legacy-a-tale-of-scandal/,irrigator.com.au,20251112T224500Z,Australia,-0.4404,negative,3,echidna graham richardson legacy tale scandal irrigator,7
"Pennsylvania lawmakers look to end budget stalemate , sealed with concession by Democrats on climate",https://www.fox29.com/news/lawmakers-look-end-budget-stalemate-sealed-concession-democrats-climate,fox29.com,20251112T224500Z,United States,0.0,neutral,3,pennsylvania lawmaker look end budget stalemate sealed concession democrat climate,10
Echidna | Graham Richardson legacy : A tale of scandal | Western Advocate,https://www.westernadvocate.com.au/story/9110174/echidna-graham-richardsons-legacy-a-tale-of-scandal/,westernadvocate.com.au,20251112T223000Z,Australia,-0.4404,negative,3,echidna graham richardson legacy tale scandal western advocate,8
Echidna | Graham Richardson legacy : A tale of scandal | The Queanbeyan Age,https://www.queanbeyanage.com.au/story/9110174/echidna-graham-richardsons-legacy-a-tale-of-scandal/,queanbeyanage.com.au,20251112T210000Z,Australia,-0.4404,negative,3,echidna graham richardson legacy tale scandal queanbeyan age,8
Who Was Eugene Debs ? | Dissident Voice,https://dissidentvoice.org/2025/11/who-was-eugene-debs/,dissidentvoice.org,20251112T210000Z,United States,0.0,neutral,2,eugene deb dissident voice,4
Echidna | Graham Richardson legacy : A tale of scandal | The Inverell Times,https://www.inverelltimes.com.au/story/9110174/echidna-graham-richardsons-legacy-a-tale-of-scandal/,inverelltimes.com.au,20251112T210000Z,Australia,-0.4404,negative,3,echidna graham richardson legacy tale scandal inverell time,8
Echidna | Graham Richardson legacy : A tale of scandal | Wellington Times,https://www.wellingtontimes.com.au/story/9110174/echidna-graham-richardsons-legacy-a-tale-of-scandal/,wellingtontimes.com.au,20251112T204500Z,Australia,-0.4404,negative,3,echidna graham richardson legacy tale scandal wellington time,8
Echidna | Graham Richardson legacy : A tale of scandal | Goulburn Post,https://www.goulburnpost.com.au/story/9110174/echidna-graham-richardsons-legacy-a-tale-of-scandal/,goulburnpost.com.au,20251112T203000Z,Australia,-0.4404,negative,3,echidna graham richardson legacy tale scandal goulburn post,8
Echidna | Graham Richardson legacy : A tale of scandal | The Maitland Mercury,https://www.maitlandmercury.com.au/story/9110174/echidna-graham-richardsons-legacy-a-tale-of-scandal/,maitlandmercury.com.au,20251112T201500Z,Australia,-0.4404,negative,3,echidna graham richardson legacy tale scandal maitland mercury,8
Echidna | Graham Richardson legacy : A tale of scandal | Dungog Chronicle,https://www.dungogchronicle.com.au/story/9110174/echidna-graham-richardsons-legacy-a-tale-of-scandal/,dungogchronicle.com.au,20251112T201500Z,Australia,-0.4404,negative,3,echidna graham richardson legacy tale scandal dungog chronicle,8
"Students , faculty across the US rally against HE attacks",https://www.universityworldnews.com/post.php?story=20251112151929926,universityworldnews.com,20251112T201500Z,United States,-0.4404,negative,2,student faculty across u rally attack,6
Echidna | Graham Richardson legacy : A tale of scandal | The Courier,https://www.thecourier.com.au/story/9110174/echidna-graham-richardsons-legacy-a-tale-of-scandal/,thecourier.com.au,20251112T201500Z,Australia,-0.4404,negative,3,echidna graham richardson legacy tale scandal courier,7
Echidna | Graham Richardson legacy : A tale of scandal | Merimbula News Weekly,https://www.merimbulanewsweekly.com.au/story/9110174/echidna-graham-richardsons-legacy-a-tale-of-scandal/,merimbulanewsweekly.com.au,20251112T194500Z,Australia,-0.4404,negative,3,echidna graham richardson legacy tale scandal merimbula news weekly,9
Echidna | Graham Richardson legacy : A tale of scandal | The Border Mail,https://www.bordermail.com.au/story/9110174/echidna-graham-richardsons-legacy-a-tale-of-scandal/,bordermail.com.au,20251112T194500Z,Australia,-0.4404,negative,3,echidna graham richardson legacy tale scandal border mail,8
Echidna | Graham Richardson legacy : A tale of scandal | St George &amp; Sutherland Shire Leader,https://www.theleader.com.au/story/9110174/echidna-graham-richardsons-legacy-a-tale-of-scandal/,theleader.com.au,20251112T194500Z,Australia,-0.4404,negative,3,echidna graham richardson legacy tale scandal st george amp sutherland shire leader,12
Echidna | Graham Richardson legacy : A tale of scandal | Narooma News,https://www.naroomanewsonline.com.au/story/9110174/echidna-graham-richardsons-legacy-a-tale-of-scandal/,naroomanewsonline.com.au,20251112T194500Z,Australia,-0.4404,negative,3,echidna graham richardson legacy tale scandal narooma news,8
Echidna | Graham Richardson legacy : A tale of scandal | Bay Post - Moruya Examiner,https://www.batemansbaypost.com.au/story/9110174/echidna-graham-richardsons-legacy-a-tale-of-scandal/,batemansbaypost.com.au,20251112T194500Z,Australia,-0.4404,negative,3,echidna graham richardson legacy tale scandal bay post moruya examiner,10
Echidna | Graham Richardson legacy : A tale of scandal | Bunbury Mail,https://www.bunburymail.com.au/story/9110174/echidna-graham-richardsons-legacy-a-tale-of-scandal/,bunburymail.com.au,20251112T193000Z,Australia,-0.4404,negative,3,echidna graham richardson legacy tale scandal bunbury mail,8
Echidna | Graham Richardson legacy : A tale of scandal | Nyngan Observer,https://www.nynganobserver.com.au/story/9110174/echidna-graham-richardsons-legacy-a-tale-of-scandal/,nynganobserver.com.au,20251112T190000Z,Australia,-0.4404,negative,3,echidna graham richardson legacy tale scandal nyngan observer,8
Echidna | Graham Richardson legacy : A tale of scandal | The Northern Daily Leader,https://www.northerndailyleader.com.au/story/9110174/echidna-graham-richardsons-legacy-a-tale-of-scandal/,northerndailyleader.com.au,20251112T190000Z,Australia,-0.4404,negative,3,echidna graham richardson legacy tale scandal northern daily leader,9
Echidna | Graham Richardson legacy : A tale of scandal | Magnet,https://www.edenmagnet.com.au/story/9110174/echidna-graham-richardsons-legacy-a-tale-of-scandal/,edenmagnet.com.au,20251112T190000Z,Australia,-0.4404,negative,3,echidna graham richardson legacy tale scandal magnet,7
Seven Urns - Ploughshares,https://pshares.org/issue-article/seven-urns/,pshares.org,20251112T190000Z,United States,0.0,neutral,0,seven urn ploughshare,3
Echidna | Graham Richardson legacy : A tale of scandal | Namoi Valley Independent,https://www.nvi.com.au/story/9110174/echidna-graham-richardsons-legacy-a-tale-of-scandal/,nvi.com.au,20251112T190000Z,Australia,-0.4404,negative,3,echidna graham richardson legacy tale scandal namoi valley independent,9
Echidna | Graham Richardson legacy : A tale of scandal | South Coast Register,https://www.southcoastregister.com.au/story/9110174/echidna-graham-richardsons-legacy-a-tale-of-scandal/,southcoastregister.com.au,20251112T184500Z,Australia,-0.4404,negative,3,echidna graham richardson legacy tale scandal south coast register,9
Echidna | Graham Richardson legacy : A tale of scandal | Eastern Riverina Chronicle,https://www.easternriverinachronicle.com.au/story/9110174/echidna-graham-richardsons-legacy-a-tale-of-scandal/,easternriverinachronicle.com.au,20251112T183000Z,Australia,-0.4404,negative,3,echidna graham richardson legacy tale scandal eastern riverina chronicle,9
Echidna | Graham Richardson legacy : A tale of scandal | The Rural,https://www.therural.com.au/story/9110174/echidna-graham-richardsons-legacy-a-tale-of-scandal/,therural.com.au,20251112T183000Z,Australia,-0.4404,negative,3,echidna graham richardson legacy tale scandal rural,7
Echidna | Graham Richardson legacy : A tale of scandal | The Advocate - Hepburn,https://www.hepburnadvocate.com.au/story/9110174/echidna-graham-richardsons-legacy-a-tale-of-scandal/,hepburnadvocate.com.au,20251112T181500Z,Australia,-0.4404,negative,3,echidna graham richardson legacy tale scandal advocate hepburn,8
  An Indictment of the Trade Union Movement : Why No One is Organising Seasonal Workers,https://www.nakedcapitalism.com/2025/11/an-indictment-of-the-trade-union-movement-why-no-one-is-organising-seasonal-workers.html,nakedcapitalism.com,20251112T173000Z,United States,-0.296,negative,1,indictment trade union movement one organising seasonal worker,8
